OrderID,Date,CustomerID,Product,Quantity,UnitPrice,ShippingAddress,PaymentMethod,OrderStatus,TrackingNumber,ItemsInCart,CouponCode,ReferralSource,TotalPrice,Month,Year
ORD200000,2023-01-04,C72649,Monitor,5,570.62,928 Main St,Debit Card,Shipped,TRK37947903,7,SAVE10,Instagram,2853.1,January,2023
ORD200001,2024-08-23,C75739,Phone,2,151.35,823 Main St,Online,Shipped,TRK91186779,3,SAVE10,Referral,302.7,August,2024
ORD200002,2024-02-27,C81728,Tablet,5,550.68,512 Main St,Credit Card,Cancelled,TRK42903982,8,FREESHIP,Email,2753.4,February,2024
ORD200003,2023-10-15,C33540,Chair,1,273.19,275 Main St,Debit Card,Returned,TRK62788070,5,SAVE10,Facebook,273.19,October,2023
ORD200004,2025-05-08,C81840,Printer,4,626.01,668 Main St,Online,Delivered,TRK29241424,8,SAVE10,Email,2504.04,May,2025
ORD200005,2023-10-23,C37249,Phone,2,245.86,934 Main St,Credit Card,Shipped,TRK72976927,4,SAVE10,Instagram,491.72,October,2023
ORD200006,2025-06-17,C83492,Laptop,1,664.42,986 Main St,Gift Card,Returned,TRK96417362,6,SAVE10,Facebook,664.42,June,2025
ORD200007,2023-05-12,C41460,Monitor,5,149.55,706 Main St,Cash,Shipped,TRK78809193,9,FREESHIP,Facebook,747.75,May,2023
ORD200009,2023-11-21,C31946,Desk,4,509.38,102 Main St,Credit Card,Shipped,TRK33478363,6,SAVE10,Google,2037.52,November,2023
ORD200010,2023-12-29,C43443,Tablet,5,625.97,333 Main St,Credit Card,Returned,TRK98859248,9,WINTER15,Instagram,3129.85,December,2023
ORD200011,2024-02-17,C93861,Monitor,3,49.14,831 Main St,Online,Returned,TRK48234646,7,SAVE10,Email,147.42,February,2024
ORD200012,2024-10-15,C38785,Monitor,2,180.5,179 Main St,Debit Card,Pending,TRK20419991,6,FREESHIP,Referral,361.0,October,2024
ORD200013,2023-08-30,C88348,Laptop,3,201.49,903 Main St,Credit Card,Returned,TRK81913874,4,FREESHIP,Facebook,604.47,August,2023
ORD200014,2023-03-27,C98474,Tablet,2,393.33,980 Main St,Debit Card,Pending,TRK79186539,3,SAVE10,Instagram,786.66,March,2023
ORD200016,2023-01-24,C28976,Printer,2,533.81,914 Main St,Credit Card,Pending,TRK13194259,3,FREESHIP,Email,1067.62,January,2023
ORD200018,2025-03-26,C84329,Desk,1,431.44,891 Main St,Gift Card,Pending,TRK65191045,3,SAVE10,Facebook,431.44,March,2025
ORD200019,2023-01-23,C14552,Monitor,5,224.0,273 Main St,Cash,Returned,TRK59101365,9,SAVE10,Google,1120.0,January,2023
ORD200020,2023-05-08,C54829,Chair,5,62.51,587 Main St,Cash,Pending,TRK16718651,9,WINTER15,Instagram,312.55,May,2023
ORD200022,2023-01-29,C34416,Monitor,2,49.62,633 Main St,Online,Pending,TRK75937350,2,SAVE10,Google,99.24,January,2023
ORD200023,2025-04-09,C42372,Phone,4,273.25,755 Main St,Debit Card,Cancelled,TRK36168083,5,FREESHIP,Referral,1093.0,April,2025
ORD200024,2024-10-30,C17470,Laptop,2,230.95,956 Main St,Online,Delivered,TRK28775057,3,WINTER15,Referral,461.9,October,2024
ORD200025,2024-07-24,C42577,Monitor,1,399.98,709 Main St,Debit Card,Delivered,TRK69423327,3,WINTER15,Email,399.98,July,2024
ORD200027,2024-02-22,C97593,Printer,1,472.74,881 Main St,Online,Shipped,TRK89117573,6,WINTER15,Google,472.74,February,2024
ORD200029,2024-09-20,C33260,Desk,3,423.53,930 Main St,Credit Card,Delivered,TRK59744090,6,SAVE10,Referral,1270.59,September,2024
ORD200030,2025-03-22,C44267,Monitor,2,426.7,895 Main St,Online,Pending,TRK54751444,5,SAVE10,Referral,853.4,March,2025
ORD200033,2023-06-05,C52184,Chair,1,162.77,912 Main St,Online,Cancelled,TRK73312471,4,WINTER15,Facebook,162.77,June,2023
ORD200034,2023-01-07,C67195,Chair,4,576.52,926 Main St,Credit Card,Pending,TRK55467915,5,WINTER15,Facebook,2306.08,January,2023
ORD200035,2024-12-07,C50304,Monitor,2,465.15,128 Main St,Online,Shipped,TRK46850888,2,SAVE10,Facebook,930.3,December,2024
ORD200037,2024-10-14,C10054,Laptop,2,76.74,409 Main St,Cash,Returned,TRK94005261,7,SAVE10,Instagram,153.48,October,2024
ORD200038,2024-12-19,C15924,Laptop,1,245.89,549 Main St,Debit Card,Delivered,TRK14835975,3,SAVE10,Google,245.89,December,2024
ORD200039,2025-02-27,C96664,Printer,3,256.46,666 Main St,Credit Card,Delivered,TRK85508960,4,SAVE10,Referral,769.38,February,2025
ORD200040,2023-08-20,C84766,Desk,2,344.02,267 Main St,Online,Delivered,TRK78967923,4,FREESHIP,Instagram,688.04,August,2023
ORD200041,2023-12-05,C20212,Monitor,3,611.45,657 Main St,Gift Card,Pending,TRK69733327,4,FREESHIP,Instagram,1834.35,December,2023
ORD200044,2025-04-21,C73225,Phone,2,550.18,996 Main St,Gift Card,Returned,TRK73848522,3,FREESHIP,Referral,1100.36,April,2025
ORD200045,2024-02-10,C17388,Chair,1,317.25,157 Main St,Debit Card,Returned,TRK47077395,1,SAVE10,Facebook,317.25,February,2024
ORD200046,2024-06-26,C43212,Monitor,4,550.14,223 Main St,Debit Card,Pending,TRK25100762,4,FREESHIP,Instagram,2200.56,June,2024
ORD200047,2023-07-19,C38134,Desk,2,209.94,323 Main St,Credit Card,Returned,TRK42450754,3,FREESHIP,Email,419.88,July,2023
ORD200049,2023-10-07,C11985,Printer,1,30.44,633 Main St,Credit Card,Shipped,TRK53272402,1,SAVE10,Email,30.44,October,2023
ORD200050,2023-07-31,C96494,Tablet,1,179.22,446 Main St,Online,Cancelled,TRK14675049,6,FREESHIP,Instagram,179.22,July,2023
ORD200051,2024-12-30,C36778,Tablet,1,388.33,434 Main St,Cash,Returned,TRK67610289,2,SAVE10,Facebook,388.33,December,2024
ORD200052,2024-09-08,C30513,Tablet,1,586.44,232 Main St,Online,Returned,TRK64320429,5,SAVE10,Facebook,586.44,September,2024
ORD200053,2024-05-18,C67551,Phone,4,488.78,512 Main St,Online,Returned,TRK94992552,5,FREESHIP,Google,1955.12,May,2024
ORD200054,2025-03-27,C48120,Chair,1,280.25,623 Main St,Online,Pending,TRK11014449,5,WINTER15,Email,280.25,March,2025
ORD200056,2023-05-21,C54298,Tablet,3,479.21,566 Main St,Cash,Cancelled,TRK62902341,5,WINTER15,Referral,1437.63,May,2023
ORD200057,2023-01-22,C88036,Printer,5,314.27,842 Main St,Cash,Returned,TRK52470128,6,SAVE10,Instagram,1571.35,January,2023
ORD200058,2023-01-15,C60190,Phone,4,474.69,202 Main St,Gift Card,Cancelled,TRK70857868,6,SAVE10,Google,1898.76,January,2023
ORD200060,2024-08-21,C39256,Desk,1,417.1,634 Main St,Debit Card,Returned,TRK23412025,3,FREESHIP,Referral,417.1,August,2024
ORD200061,2024-03-24,C61618,Desk,4,122.2,104 Main St,Cash,Delivered,TRK43458485,7,FREESHIP,Facebook,488.8,March,2024
ORD200062,2023-08-22,C36497,Desk,2,43.15,691 Main St,Debit Card,Pending,TRK12102911,3,WINTER15,Email,86.3,August,2023
ORD200063,2025-02-02,C96695,Chair,1,564.86,813 Main St,Debit Card,Shipped,TRK64283851,6,WINTER15,Referral,564.86,February,2025
ORD200064,2025-06-25,C49720,Printer,3,130.61,752 Main St,Debit Card,Cancelled,TRK55785217,4,FREESHIP,Facebook,391.83,June,2025
ORD200066,2024-11-15,C18104,Chair,5,127.18,715 Main St,Cash,Cancelled,TRK15488568,9,SAVE10,Referral,635.9,November,2024
ORD200068,2023-12-11,C41598,Chair,3,490.92,709 Main St,Credit Card,Pending,TRK81665940,5,FREESHIP,Email,1472.76,December,2023
ORD200070,2023-05-26,C25123,Desk,1,629.21,384 Main St,Gift Card,Pending,TRK27812282,2,FREESHIP,Instagram,629.21,May,2023
ORD200075,2023-09-26,C80651,Tablet,3,398.17,917 Main St,Debit Card,Delivered,TRK14846720,5,SAVE10,Email,1194.51,September,2023
ORD200076,2024-03-31,C58638,Laptop,4,382.88,239 Main St,Cash,Cancelled,TRK38224871,6,WINTER15,Email,1531.52,March,2024
ORD200078,2024-08-06,C32029,Printer,4,175.36,146 Main St,Debit Card,Delivered,TRK68535532,4,FREESHIP,Instagram,701.44,August,2024
ORD200081,2023-06-08,C29314,Monitor,2,394.3,496 Main St,Cash,Shipped,TRK59876213,6,FREESHIP,Email,788.6,June,2023
ORD200082,2024-01-05,C65799,Tablet,4,565.2,971 Main St,Debit Card,Shipped,TRK66906607,9,SAVE10,Google,2260.8,January,2024
ORD200084,2023-08-28,C64160,Monitor,2,165.49,967 Main St,Online,Shipped,TRK34121529,4,WINTER15,Instagram,330.98,August,2023
ORD200085,2024-09-09,C14553,Tablet,3,146.73,768 Main St,Cash,Delivered,TRK93538334,8,FREESHIP,Email,440.19,September,2024
ORD200086,2024-06-19,C88205,Printer,5,643.03,447 Main St,Online,Cancelled,TRK93504166,5,FREESHIP,Referral,3215.15,June,2024
ORD200087,2024-10-10,C91245,Tablet,3,225.11,915 Main St,Cash,Shipped,TRK46976391,4,SAVE10,Facebook,675.33,October,2024
ORD200089,2025-02-25,C17181,Printer,5,455.33,291 Main St,Credit Card,Cancelled,TRK78912978,8,FREESHIP,Google,2276.65,February,2025
ORD200090,2023-09-18,C36540,Chair,4,182.08,611 Main St,Gift Card,Delivered,TRK35828122,4,SAVE10,Email,728.32,September,2023
ORD200091,2023-03-15,C98216,Laptop,5,492.75,196 Main St,Cash,Shipped,TRK40986666,6,WINTER15,Referral,2463.75,March,2023
ORD200092,2024-06-10,C29568,Printer,4,48.61,203 Main St,Online,Shipped,TRK46531075,7,FREESHIP,Facebook,194.44,June,2024
ORD200094,2023-02-11,C79821,Chair,1,531.18,781 Main St,Gift Card,Returned,TRK12780193,6,WINTER15,Instagram,531.18,February,2023
ORD200099,2025-04-12,C30477,Printer,1,201.58,717 Main St,Debit Card,Cancelled,TRK51829648,2,WINTER15,Email,201.58,April,2025
ORD200102,2023-03-08,C18037,Laptop,2,70.34,944 Main St,Gift Card,Cancelled,TRK47362236,3,FREESHIP,Email,140.68,March,2023
ORD200103,2025-01-25,C62656,Phone,4,218.43,514 Main St,Credit Card,Cancelled,TRK86296459,9,SAVE10,Email,873.72,January,2025
ORD200104,2024-07-30,C65744,Phone,1,582.04,647 Main St,Gift Card,Delivered,TRK39906058,1,FREESHIP,Email,582.04,July,2024
ORD200106,2023-09-08,C73514,Desk,3,465.05,126 Main St,Credit Card,Cancelled,TRK96777924,3,SAVE10,Email,1395.15,September,2023
ORD200107,2023-03-27,C16775,Printer,5,670.75,848 Main St,Gift Card,Shipped,TRK34392124,8,FREESHIP,Instagram,3353.75,March,2023
ORD200108,2024-12-28,C33099,Laptop,5,48.38,522 Main St,Gift Card,Delivered,TRK28522330,9,WINTER15,Email,241.9,December,2024
ORD200109,2023-09-17,C51157,Desk,3,592.87,131 Main St,Gift Card,Shipped,TRK18674578,3,FREESHIP,Referral,1778.61,September,2023
ORD200110,2024-04-21,C74562,Tablet,1,220.77,388 Main St,Gift Card,Pending,TRK32062079,5,FREESHIP,Instagram,220.77,April,2024
ORD200111,2025-05-07,C95271,Desk,3,309.22,620 Main St,Online,Cancelled,TRK74904969,7,FREESHIP,Google,927.66,May,2025
ORD200112,2023-01-01,C81366,Monitor,1,410.6,423 Main St,Online,Cancelled,TRK17062206,2,WINTER15,Referral,410.6,January,2023
ORD200113,2024-01-17,C65905,Laptop,5,190.08,605 Main St,Cash,Shipped,TRK73954365,9,FREESHIP,Instagram,950.4,January,2024
ORD200114,2025-01-27,C77272,Monitor,5,498.48,115 Main St,Online,Pending,TRK29708128,8,SAVE10,Google,2492.4,January,2025
ORD200115,2023-11-27,C32580,Phone,5,374.99,122 Main St,Online,Shipped,TRK23670394,9,SAVE10,Facebook,1874.95,November,2023
ORD200116,2023-03-19,C47761,Printer,4,291.35,109 Main St,Credit Card,Cancelled,TRK66669207,6,WINTER15,Facebook,1165.4,March,2023
ORD200117,2023-03-08,C49187,Tablet,1,535.5,593 Main St,Gift Card,Cancelled,TRK81888598,5,WINTER15,Referral,535.5,March,2023
ORD200118,2023-10-09,C27898,Printer,5,502.71,807 Main St,Gift Card,Shipped,TRK61957665,7,FREESHIP,Google,2513.55,October,2023
ORD200119,2025-06-11,C14683,Desk,2,534.67,187 Main St,Debit Card,Shipped,TRK47373682,7,FREESHIP,Referral,1069.34,June,2025
ORD200120,2023-04-11,C58108,Tablet,4,629.34,986 Main St,Cash,Cancelled,TRK66218053,4,WINTER15,Instagram,2517.36,April,2023
ORD200121,2023-11-30,C89822,Desk,1,410.78,673 Main St,Cash,Cancelled,TRK24138598,1,FREESHIP,Instagram,410.78,November,2023
ORD200125,2024-11-06,C91099,Phone,2,512.65,758 Main St,Credit Card,Shipped,TRK81846174,5,SAVE10,Email,1025.3,November,2024
ORD200126,2025-05-03,C55606,Desk,4,275.5,353 Main St,Gift Card,Shipped,TRK68250319,8,FREESHIP,Google,1102.0,May,2025
ORD200128,2023-02-17,C86408,Tablet,4,21.07,244 Main St,Gift Card,Delivered,TRK41432648,4,FREESHIP,Google,84.28,February,2023
ORD200129,2023-10-27,C52751,Laptop,4,263.93,427 Main St,Debit Card,Shipped,TRK72481234,4,FREESHIP,Facebook,1055.72,October,2023
ORD200130,2025-01-22,C29059,Desk,3,501.3,513 Main St,Online,Cancelled,TRK88360704,3,WINTER15,Facebook,1503.9,January,2025
ORD200132,2023-03-28,C96257,Tablet,4,450.75,583 Main St,Credit Card,Shipped,TRK13137948,6,WINTER15,Email,1803.0,March,2023
ORD200133,2025-06-20,C87432,Chair,4,302.05,636 Main St,Debit Card,Cancelled,TRK68969625,6,SAVE10,Google,1208.2,June,2025
ORD200135,2023-08-04,C79909,Printer,2,68.81,642 Main St,Gift Card,Shipped,TRK86742257,5,SAVE10,Referral,137.62,August,2023
ORD200136,2024-04-27,C73370,Laptop,1,44.35,595 Main St,Gift Card,Cancelled,TRK67820278,1,SAVE10,Instagram,44.35,April,2024
ORD200138,2023-12-21,C21905,Tablet,1,298.06,478 Main St,Debit Card,Pending,TRK31863841,3,WINTER15,Google,298.06,December,2023
ORD200140,2025-05-31,C33110,Chair,3,528.14,388 Main St,Online,Delivered,TRK38624225,3,FREESHIP,Email,1584.42,May,2025
ORD200141,2023-11-18,C80004,Printer,3,684.14,151 Main St,Cash,Cancelled,TRK66230753,3,WINTER15,Instagram,2052.42,November,2023
ORD200142,2023-09-06,C86374,Desk,5,272.77,573 Main St,Cash,Pending,TRK79451491,7,WINTER15,Email,1363.85,September,2023
ORD200145,2024-03-02,C85929,Printer,3,146.91,798 Main St,Credit Card,Delivered,TRK29318610,6,FREESHIP,Google,440.73,March,2024
ORD200147,2025-05-06,C46316,Laptop,2,465.18,893 Main St,Credit Card,Cancelled,TRK16196000,2,SAVE10,Google,930.36,May,2025
ORD200148,2024-12-15,C35100,Phone,2,319.91,139 Main St,Credit Card,Cancelled,TRK56853491,3,WINTER15,Google,639.82,December,2024
ORD200150,2023-12-13,C25503,Phone,2,105.57,981 Main St,Debit Card,Returned,TRK29878837,5,WINTER15,Google,211.14,December,2023
ORD200152,2025-01-02,C77736,Chair,2,399.04,659 Main St,Cash,Cancelled,TRK90329250,3,FREESHIP,Referral,798.08,January,2025
ORD200153,2024-12-18,C71570,Chair,4,534.48,437 Main St,Online,Returned,TRK95992269,9,WINTER15,Instagram,2137.92,December,2024
ORD200155,2023-02-27,C62740,Phone,1,424.4,446 Main St,Online,Shipped,TRK20706408,6,WINTER15,Referral,424.4,February,2023
ORD200156,2024-11-08,C58808,Chair,2,269.83,651 Main St,Online,Delivered,TRK24451893,4,SAVE10,Email,539.66,November,2024
ORD200157,2025-02-21,C50422,Monitor,2,564.58,636 Main St,Online,Returned,TRK71227815,4,WINTER15,Facebook,1129.16,February,2025
ORD200158,2024-05-16,C23334,Tablet,1,331.06,737 Main St,Credit Card,Pending,TRK46335144,5,WINTER15,Instagram,331.06,May,2024
ORD200159,2023-10-31,C48965,Printer,1,299.35,819 Main St,Credit Card,Cancelled,TRK50921780,5,WINTER15,Email,299.35,October,2023
ORD200161,2024-03-29,C35091,Monitor,1,211.14,513 Main St,Credit Card,Cancelled,TRK53784452,1,SAVE10,Facebook,211.14,March,2024
ORD200162,2023-07-27,C82313,Chair,3,65.86,917 Main St,Online,Pending,TRK79854624,8,WINTER15,Google,197.58,July,2023
ORD200164,2023-12-28,C70566,Desk,5,536.58,667 Main St,Gift Card,Pending,TRK49673411,5,SAVE10,Google,2682.9,December,2023
ORD200165,2024-09-14,C60355,Monitor,2,500.29,226 Main St,Online,Returned,TRK30155194,7,WINTER15,Google,1000.58,September,2024
ORD200166,2025-03-04,C28889,Chair,3,86.29,565 Main St,Cash,Delivered,TRK23791726,6,WINTER15,Instagram,258.87,March,2025
ORD200167,2023-05-27,C88304,Chair,2,384.14,219 Main St,Online,Returned,TRK44268941,2,WINTER15,Email,768.28,May,2023
ORD200169,2024-04-07,C35785,Printer,1,427.82,732 Main St,Online,Delivered,TRK78923089,2,WINTER15,Email,427.82,April,2024
ORD200170,2025-04-04,C80223,Desk,4,662.94,535 Main St,Cash,Cancelled,TRK68632951,8,SAVE10,Instagram,2651.76,April,2025
ORD200171,2023-08-15,C20448,Tablet,2,148.22,336 Main St,Credit Card,Delivered,TRK67379895,7,WINTER15,Instagram,296.44,August,2023
ORD200172,2025-04-06,C34134,Printer,1,254.12,365 Main St,Online,Delivered,TRK43074303,1,WINTER15,Email,254.12,April,2025
ORD200173,2024-03-24,C95901,Phone,3,664.46,806 Main St,Online,Delivered,TRK56989066,4,FREESHIP,Google,1993.38,March,2024
ORD200174,2024-04-16,C51145,Printer,4,600.81,790 Main St,Debit Card,Delivered,TRK59154274,9,SAVE10,Email,2403.24,April,2024
ORD200175,2025-02-08,C78170,Chair,5,68.34,332 Main St,Debit Card,Pending,TRK71410605,6,WINTER15,Referral,341.7,February,2025
ORD200176,2025-06-28,C80151,Tablet,4,430.83,553 Main St,Gift Card,Pending,TRK88251529,8,WINTER15,Referral,1723.32,June,2025
ORD200178,2024-04-11,C53070,Chair,4,512.06,283 Main St,Online,Delivered,TRK49791755,5,SAVE10,Google,2048.24,April,2024
ORD200182,2025-03-19,C16612,Desk,1,600.54,596 Main St,Debit Card,Pending,TRK96188223,4,WINTER15,Google,600.54,March,2025
ORD200183,2024-04-18,C39246,Monitor,5,186.28,258 Main St,Debit Card,Delivered,TRK16658182,8,SAVE10,Email,931.4,April,2024
ORD200185,2025-02-02,C46877,Laptop,1,210.7,572 Main St,Online,Shipped,TRK96935978,2,WINTER15,Referral,210.7,February,2025
ORD200186,2023-12-07,C30334,Phone,2,133.55,322 Main St,Cash,Pending,TRK66388885,7,FREESHIP,Facebook,267.1,December,2023
ORD200187,2023-02-08,C21227,Chair,1,590.87,689 Main St,Gift Card,Returned,TRK79129657,6,FREESHIP,Referral,590.87,February,2023
ORD200188,2025-03-15,C97715,Chair,2,363.91,927 Main St,Gift Card,Shipped,TRK19515949,2,FREESHIP,Referral,727.82,March,2025
ORD200189,2023-07-05,C48939,Printer,5,429.45,597 Main St,Gift Card,Cancelled,TRK62786764,5,WINTER15,Email,2147.25,July,2023
ORD200190,2024-08-31,C35483,Printer,3,223.7,725 Main St,Cash,Returned,TRK79638203,3,SAVE10,Email,671.1,August,2024
ORD200191,2025-03-08,C51494,Laptop,2,488.87,505 Main St,Online,Cancelled,TRK58520306,4,FREESHIP,Google,977.74,March,2025
ORD200192,2023-08-11,C58410,Desk,1,645.46,151 Main St,Gift Card,Cancelled,TRK19749672,5,SAVE10,Google,645.46,August,2023
ORD200194,2024-06-08,C53501,Monitor,1,249.57,899 Main St,Cash,Shipped,TRK90144892,3,FREESHIP,Google,249.57,June,2024
ORD200196,2025-01-24,C40882,Desk,4,217.13,719 Main St,Cash,Delivered,TRK64165503,8,WINTER15,Email,868.52,January,2025
ORD200197,2023-08-27,C80135,Laptop,5,221.51,723 Main St,Cash,Returned,TRK95222269,5,WINTER15,Referral,1107.55,August,2023
ORD200198,2024-06-11,C37594,Laptop,4,340.3,926 Main St,Cash,Cancelled,TRK94405162,8,SAVE10,Referral,1361.2,June,2024
ORD200199,2025-01-23,C87524,Phone,1,625.0,358 Main St,Online,Returned,TRK21114341,5,WINTER15,Google,625.0,January,2025
ORD200200,2025-06-07,C97681,Tablet,5,433.26,895 Main St,Credit Card,Delivered,TRK37531040,9,SAVE10,Google,2166.3,June,2025
ORD200201,2023-06-18,C10126,Monitor,2,674.9,146 Main St,Online,Shipped,TRK75607531,4,SAVE10,Facebook,1349.8,June,2023
ORD200202,2025-02-06,C36938,Monitor,3,253.98,636 Main St,Credit Card,Cancelled,TRK52522904,3,FREESHIP,Email,761.94,February,2025
ORD200203,2025-01-21,C99173,Printer,3,356.84,172 Main St,Online,Shipped,TRK89849342,5,SAVE10,Instagram,1070.52,January,2025
ORD200204,2023-09-05,C99775,Laptop,4,413.71,478 Main St,Gift Card,Cancelled,TRK21638425,9,FREESHIP,Facebook,1654.84,September,2023
ORD200206,2024-04-16,C31072,Laptop,4,229.1,729 Main St,Gift Card,Returned,TRK77172975,8,WINTER15,Email,916.4,April,2024
ORD200208,2024-10-08,C87777,Desk,2,408.32,597 Main St,Online,Shipped,TRK29003608,3,FREESHIP,Facebook,816.64,October,2024
ORD200209,2023-08-29,C35854,Tablet,5,187.97,706 Main St,Cash,Returned,TRK30615168,9,SAVE10,Google,939.85,August,2023
ORD200210,2024-12-05,C93821,Chair,3,358.48,513 Main St,Gift Card,Delivered,TRK10658539,7,FREESHIP,Facebook,1075.44,December,2024
ORD200211,2025-01-03,C54390,Printer,3,193.58,185 Main St,Gift Card,Pending,TRK83853742,7,FREESHIP,Email,580.74,January,2025
ORD200212,2023-06-20,C53215,Monitor,1,265.38,367 Main St,Credit Card,Cancelled,TRK34751835,6,WINTER15,Email,265.38,June,2023
ORD200213,2023-04-20,C71122,Laptop,1,634.4,317 Main St,Cash,Cancelled,TRK54757882,6,SAVE10,Email,634.4,April,2023
ORD200215,2023-08-10,C26767,Printer,1,303.6,432 Main St,Cash,Shipped,TRK24585307,5,FREESHIP,Facebook,303.6,August,2023
ORD200216,2025-04-15,C70492,Monitor,4,496.0,811 Main St,Online,Cancelled,TRK84625405,8,WINTER15,Google,1984.0,April,2025
ORD200218,2023-04-28,C11665,Tablet,3,112.46,882 Main St,Gift Card,Shipped,TRK10993930,6,SAVE10,Instagram,337.38,April,2023
ORD200219,2025-05-02,C48946,Laptop,5,61.97,457 Main St,Cash,Delivered,TRK99387220,6,SAVE10,Email,309.85,May,2025
ORD200220,2023-07-18,C79506,Laptop,2,373.17,497 Main St,Credit Card,Pending,TRK95188748,6,SAVE10,Referral,746.34,July,2023
ORD200221,2024-02-23,C93473,Tablet,5,639.37,552 Main St,Debit Card,Pending,TRK50003989,6,SAVE10,Google,3196.85,February,2024
ORD200223,2024-09-11,C22783,Phone,4,692.91,673 Main St,Credit Card,Pending,TRK55009149,9,SAVE10,Instagram,2771.64,September,2024
ORD200224,2023-09-23,C18567,Printer,4,91.46,507 Main St,Cash,Cancelled,TRK17554673,9,SAVE10,Referral,365.84,September,2023
ORD200225,2024-03-13,C99879,Phone,3,273.96,692 Main St,Debit Card,Returned,TRK50246700,8,SAVE10,Google,821.88,March,2024
ORD200227,2023-11-02,C93220,Monitor,2,365.17,353 Main St,Online,Cancelled,TRK89023251,4,FREESHIP,Facebook,730.34,November,2023
ORD200229,2025-03-28,C62622,Tablet,1,562.61,762 Main St,Credit Card,Delivered,TRK70997648,3,WINTER15,Facebook,562.61,March,2025
ORD200230,2023-12-16,C94595,Desk,4,61.91,948 Main St,Gift Card,Delivered,TRK24497305,6,WINTER15,Email,247.64,December,2023
ORD200231,2023-11-05,C30955,Phone,4,41.9,327 Main St,Gift Card,Pending,TRK46898848,9,FREESHIP,Instagram,167.6,November,2023
ORD200232,2023-05-19,C20731,Printer,4,444.44,610 Main St,Debit Card,Cancelled,TRK75568437,8,WINTER15,Google,1777.76,May,2023
ORD200233,2024-08-24,C30168,Phone,3,311.33,146 Main St,Cash,Cancelled,TRK73699939,3,WINTER15,Instagram,933.99,August,2024
ORD200234,2024-11-26,C79842,Printer,4,236.41,337 Main St,Debit Card,Pending,TRK26957950,7,SAVE10,Google,945.64,November,2024
ORD200235,2023-02-20,C32854,Desk,1,65.45,815 Main St,Cash,Pending,TRK30009218,2,WINTER15,Google,65.45,February,2023
ORD200236,2023-01-01,C14847,Monitor,1,318.81,562 Main St,Debit Card,Pending,TRK39663243,3,WINTER15,Email,318.81,January,2023
ORD200237,2024-03-14,C88645,Monitor,3,583.72,783 Main St,Credit Card,Shipped,TRK74097570,5,FREESHIP,Facebook,1751.16,March,2024
ORD200238,2024-12-13,C66149,Desk,4,384.32,770 Main St,Credit Card,Pending,TRK76307307,6,WINTER15,Google,1537.28,December,2024
ORD200239,2024-12-11,C20256,Tablet,3,538.74,456 Main St,Online,Shipped,TRK71127943,6,FREESHIP,Email,1616.22,December,2024
ORD200240,2023-07-12,C14983,Tablet,1,17.24,255 Main St,Online,Pending,TRK93444157,2,FREESHIP,Instagram,17.24,July,2023
ORD200241,2023-05-16,C20817,Chair,5,615.67,407 Main St,Online,Pending,TRK44164590,6,SAVE10,Email,3078.35,May,2023
ORD200242,2023-05-09,C94921,Printer,2,219.1,134 Main St,Online,Pending,TRK97794327,4,SAVE10,Referral,438.2,May,2023
ORD200243,2025-05-09,C54725,Chair,2,144.66,506 Main St,Online,Cancelled,TRK30601940,7,FREESHIP,Google,289.32,May,2025
ORD200244,2023-02-16,C98096,Desk,2,317.77,838 Main St,Debit Card,Cancelled,TRK51518631,4,WINTER15,Facebook,635.54,February,2023
ORD200246,2024-08-30,C55354,Desk,2,342.11,164 Main St,Gift Card,Shipped,TRK15439493,2,WINTER15,Instagram,684.22,August,2024
ORD200248,2023-07-02,C97187,Laptop,1,670.54,471 Main St,Cash,Shipped,TRK62283713,6,FREESHIP,Referral,670.54,July,2023
ORD200249,2024-02-07,C39106,Printer,1,546.19,245 Main St,Cash,Pending,TRK35464433,5,FREESHIP,Referral,546.19,February,2024
ORD200250,2023-04-05,C93379,Desk,3,42.95,318 Main St,Gift Card,Returned,TRK67954150,8,SAVE10,Email,128.85,April,2023
ORD200252,2024-09-20,C19648,Phone,4,668.36,821 Main St,Gift Card,Cancelled,TRK51297879,5,FREESHIP,Facebook,2673.44,September,2024
ORD200253,2024-03-23,C14891,Chair,4,413.74,743 Main St,Gift Card,Returned,TRK79471534,7,FREESHIP,Instagram,1654.96,March,2024
ORD200255,2024-05-13,C47283,Monitor,1,263.96,806 Main St,Gift Card,Returned,TRK56235117,2,SAVE10,Google,263.96,May,2024
ORD200256,2025-06-30,C94323,Chair,5,75.81,463 Main St,Gift Card,Returned,TRK22663277,10,WINTER15,Instagram,379.05,June,2025
ORD200257,2024-04-23,C89732,Phone,1,406.22,712 Main St,Credit Card,Cancelled,TRK41059233,5,SAVE10,Referral,406.22,April,2024
ORD200258,2024-02-26,C87764,Tablet,2,103.41,294 Main St,Online,Shipped,TRK94082469,2,FREESHIP,Referral,206.82,February,2024
ORD200259,2023-06-11,C20977,Chair,4,435.12,636 Main St,Credit Card,Delivered,TRK54991561,9,SAVE10,Instagram,1740.48,June,2023
ORD200261,2025-05-28,C68976,Phone,5,173.65,460 Main St,Gift Card,Delivered,TRK25491356,9,SAVE10,Email,868.25,May,2025
ORD200262,2023-01-10,C69476,Phone,4,249.07,642 Main St,Credit Card,Returned,TRK65869386,5,WINTER15,Referral,996.28,January,2023
ORD200263,2023-03-25,C71040,Phone,4,434.85,250 Main St,Credit Card,Pending,TRK41397604,4,WINTER15,Google,1739.4,March,2023
ORD200264,2024-08-03,C71035,Tablet,1,436.77,977 Main St,Cash,Returned,TRK19599578,5,FREESHIP,Google,436.77,August,2024
ORD200265,2023-12-22,C20752,Printer,1,572.13,150 Main St,Debit Card,Cancelled,TRK22298450,4,SAVE10,Google,572.13,December,2023
ORD200266,2024-06-08,C38840,Chair,4,583.07,589 Main St,Credit Card,Cancelled,TRK48484633,6,FREESHIP,Referral,2332.28,June,2024
ORD200268,2023-08-11,C37032,Phone,2,423.88,655 Main St,Debit Card,Delivered,TRK48639226,7,SAVE10,Referral,847.76,August,2023
ORD200269,2023-11-25,C48942,Tablet,4,663.67,129 Main St,Credit Card,Pending,TRK29355120,7,FREESHIP,Google,2654.68,November,2023
ORD200270,2023-06-04,C13540,Printer,4,309.91,127 Main St,Debit Card,Shipped,TRK81087373,5,WINTER15,Google,1239.64,June,2023
ORD200271,2023-03-28,C59572,Monitor,1,542.07,791 Main St,Cash,Shipped,TRK16792991,6,WINTER15,Referral,542.07,March,2023
ORD200272,2023-09-19,C29758,Chair,2,399.32,119 Main St,Online,Pending,TRK12990043,6,WINTER15,Instagram,798.64,September,2023
ORD200273,2024-10-27,C11849,Tablet,2,238.25,974 Main St,Online,Cancelled,TRK91195261,7,FREESHIP,Email,476.5,October,2024
ORD200274,2023-02-04,C50967,Phone,2,182.4,884 Main St,Gift Card,Cancelled,TRK65300814,5,SAVE10,Referral,364.8,February,2023
ORD200275,2023-11-04,C80735,Chair,2,65.07,360 Main St,Credit Card,Cancelled,TRK99880231,4,SAVE10,Google,130.14,November,2023
ORD200276,2025-03-29,C99050,Printer,2,600.57,654 Main St,Debit Card,Returned,TRK56927089,3,WINTER15,Instagram,1201.14,March,2025
ORD200277,2024-09-09,C11210,Chair,5,90.92,910 Main St,Credit Card,Delivered,TRK44929965,9,SAVE10,Facebook,454.6,September,2024
ORD200278,2024-11-18,C46015,Laptop,5,362.46,299 Main St,Cash,Delivered,TRK46598430,6,FREESHIP,Instagram,1812.3,November,2024
ORD200279,2023-10-20,C69167,Chair,3,55.01,263 Main St,Online,Pending,TRK12425655,7,WINTER15,Email,165.03,October,2023
ORD200280,2023-03-27,C55388,Tablet,3,404.62,740 Main St,Gift Card,Delivered,TRK75741001,6,FREESHIP,Instagram,1213.86,March,2023
ORD200282,2025-04-22,C30411,Printer,4,637.79,375 Main St,Gift Card,Cancelled,TRK71810536,9,FREESHIP,Google,2551.16,April,2025
ORD200284,2023-02-16,C27203,Laptop,5,208.17,516 Main St,Credit Card,Returned,TRK22023906,6,SAVE10,Facebook,1040.85,February,2023
ORD200286,2025-04-07,C70554,Monitor,3,139.45,187 Main St,Gift Card,Returned,TRK61086952,8,WINTER15,Google,418.35,April,2025
ORD200288,2023-03-12,C97643,Laptop,4,512.75,537 Main St,Debit Card,Returned,TRK60831391,8,WINTER15,Google,2051.0,March,2023
ORD200289,2023-07-26,C17136,Chair,4,160.49,333 Main St,Credit Card,Shipped,TRK55362541,8,WINTER15,Referral,641.96,July,2023
ORD200290,2023-05-05,C24901,Chair,3,99.9,258 Main St,Cash,Delivered,TRK14029489,8,FREESHIP,Facebook,299.7,May,2023
ORD200291,2024-05-12,C61521,Phone,2,345.01,670 Main St,Credit Card,Delivered,TRK93676567,6,FREESHIP,Google,690.02,May,2024
ORD200294,2025-04-01,C65414,Phone,2,297.71,208 Main St,Online,Shipped,TRK67562517,7,SAVE10,Referral,595.42,April,2025
ORD200295,2023-01-25,C49009,Printer,5,107.48,278 Main St,Debit Card,Cancelled,TRK46285799,9,FREESHIP,Email,537.4,January,2023
ORD200296,2024-06-19,C48453,Desk,5,638.8,434 Main St,Debit Card,Cancelled,TRK52110494,10,WINTER15,Referral,3194.0,June,2024
ORD200297,2023-02-22,C68078,Desk,2,493.88,252 Main St,Credit Card,Returned,TRK64862812,7,SAVE10,Instagram,987.76,February,2023
ORD200299,2024-01-20,C30711,Monitor,1,278.66,856 Main St,Gift Card,Cancelled,TRK42696593,2,FREESHIP,Instagram,278.66,January,2024
ORD200300,2024-09-02,C39000,Phone,1,287.46,894 Main St,Debit Card,Returned,TRK33753945,3,FREESHIP,Facebook,287.46,September,2024
ORD200301,2023-05-11,C31105,Chair,1,583.99,726 Main St,Cash,Cancelled,TRK40149095,2,SAVE10,Email,583.99,May,2023
ORD200302,2023-05-16,C29432,Chair,3,468.74,121 Main St,Cash,Pending,TRK44142517,4,FREESHIP,Instagram,1406.22,May,2023
ORD200304,2024-10-18,C86762,Monitor,5,408.73,326 Main St,Gift Card,Delivered,TRK75686292,10,FREESHIP,Instagram,2043.65,October,2024
ORD200305,2023-11-25,C63822,Laptop,4,126.89,235 Main St,Cash,Pending,TRK59353216,9,FREESHIP,Instagram,507.56,November,2023
ORD200306,2024-06-07,C70495,Printer,2,57.07,238 Main St,Debit Card,Returned,TRK65511225,3,SAVE10,Instagram,114.14,June,2024
ORD200308,2023-12-11,C75888,Printer,3,448.9,790 Main St,Debit Card,Returned,TRK98467398,7,SAVE10,Instagram,1346.7,December,2023
ORD200309,2023-10-03,C63153,Chair,4,549.76,625 Main St,Debit Card,Delivered,TRK38033305,4,FREESHIP,Facebook,2199.04,October,2023
ORD200312,2025-05-24,C35397,Printer,5,66.31,579 Main St,Gift Card,Pending,TRK64742535,7,FREESHIP,Referral,331.55,May,2025
ORD200313,2023-07-09,C67687,Chair,2,434.3,978 Main St,Cash,Delivered,TRK22838735,7,SAVE10,Instagram,868.6,July,2023
ORD200314,2023-10-04,C29931,Desk,4,153.09,540 Main St,Online,Delivered,TRK48712417,4,FREESHIP,Referral,612.36,October,2023
ORD200315,2025-05-12,C59139,Tablet,5,91.67,301 Main St,Online,Cancelled,TRK45507090,9,FREESHIP,Email,458.35,May,2025
ORD200316,2023-10-02,C66078,Desk,4,275.28,101 Main St,Gift Card,Shipped,TRK86474559,9,WINTER15,Facebook,1101.12,October,2023
ORD200318,2024-07-27,C93375,Chair,3,148.72,317 Main St,Debit Card,Cancelled,TRK95706967,7,SAVE10,Google,446.16,July,2024
ORD200320,2024-12-19,C55590,Printer,1,625.51,772 Main St,Credit Card,Shipped,TRK48792951,1,FREESHIP,Facebook,625.51,December,2024
ORD200321,2023-08-09,C47086,Phone,4,152.29,135 Main St,Debit Card,Cancelled,TRK44194358,6,WINTER15,Google,609.16,August,2023
ORD200322,2024-06-14,C48646,Phone,5,231.82,339 Main St,Debit Card,Delivered,TRK18233748,6,SAVE10,Facebook,1159.1,June,2024
ORD200323,2025-01-26,C29416,Laptop,1,150.17,414 Main St,Debit Card,Returned,TRK63820842,1,SAVE10,Referral,150.17,January,2025
ORD200326,2024-07-01,C65986,Laptop,5,670.48,273 Main St,Gift Card,Returned,TRK98353867,5,SAVE10,Facebook,3352.4,July,2024
ORD200327,2023-07-25,C17302,Phone,1,359.99,385 Main St,Gift Card,Cancelled,TRK43940016,5,SAVE10,Email,359.99,July,2023
ORD200328,2023-02-28,C18404,Tablet,5,674.04,546 Main St,Online,Cancelled,TRK89401624,7,SAVE10,Google,3370.2,February,2023
ORD200330,2024-06-02,C38068,Desk,5,260.53,532 Main St,Gift Card,Pending,TRK54059198,5,SAVE10,Instagram,1302.65,June,2024
ORD200331,2023-04-15,C78724,Printer,3,422.13,187 Main St,Online,Delivered,TRK25703134,7,SAVE10,Facebook,1266.39,April,2023
ORD200332,2024-07-03,C26163,Desk,5,125.02,607 Main St,Debit Card,Pending,TRK67499316,9,SAVE10,Google,625.1,July,2024
ORD200333,2024-04-16,C87124,Phone,1,198.51,818 Main St,Credit Card,Returned,TRK52086740,5,WINTER15,Instagram,198.51,April,2024
ORD200334,2024-03-26,C90348,Chair,4,224.75,728 Main St,Online,Delivered,TRK20635777,7,WINTER15,Facebook,899.0,March,2024
ORD200336,2023-12-29,C88174,Laptop,1,18.2,441 Main St,Debit Card,Pending,TRK10143345,4,SAVE10,Instagram,18.2,December,2023
ORD200337,2023-05-29,C77763,Tablet,3,502.77,599 Main St,Debit Card,Returned,TRK66980447,8,WINTER15,Email,1508.31,May,2023
ORD200339,2024-04-10,C84563,Printer,2,236.33,398 Main St,Online,Pending,TRK62422797,3,SAVE10,Instagram,472.66,April,2024
ORD200341,2024-09-23,C94671,Tablet,1,167.15,293 Main St,Gift Card,Shipped,TRK61357272,5,WINTER15,Email,167.15,September,2024
ORD200343,2023-02-26,C64638,Printer,1,527.57,919 Main St,Debit Card,Pending,TRK64087938,3,FREESHIP,Facebook,527.57,February,2023
ORD200344,2025-03-06,C95623,Tablet,3,623.34,248 Main St,Online,Cancelled,TRK67558189,3,SAVE10,Instagram,1870.02,March,2025
ORD200345,2023-12-07,C24751,Tablet,5,501.26,259 Main St,Gift Card,Shipped,TRK37285406,10,FREESHIP,Referral,2506.3,December,2023
ORD200347,2024-02-03,C83556,Printer,4,264.79,380 Main St,Credit Card,Pending,TRK21109187,5,SAVE10,Google,1059.16,February,2024
ORD200348,2024-03-13,C24369,Laptop,3,359.73,885 Main St,Debit Card,Returned,TRK72633998,7,FREESHIP,Email,1079.19,March,2024
ORD200349,2023-11-30,C39648,Chair,1,465.33,824 Main St,Gift Card,Delivered,TRK56016905,2,FREESHIP,Google,465.33,November,2023
ORD200352,2023-08-31,C26637,Chair,5,173.96,995 Main St,Debit Card,Pending,TRK59546992,8,WINTER15,Instagram,869.8,August,2023
ORD200353,2025-03-28,C16012,Tablet,1,630.82,171 Main St,Online,Delivered,TRK15195225,5,FREESHIP,Google,630.82,March,2025
ORD200355,2025-06-03,C18353,Tablet,3,433.33,677 Main St,Credit Card,Cancelled,TRK78766533,4,FREESHIP,Referral,1299.99,June,2025
ORD200356,2023-05-06,C26966,Printer,5,374.58,907 Main St,Gift Card,Cancelled,TRK83889574,10,FREESHIP,Instagram,1872.9,May,2023
ORD200357,2023-07-08,C74982,Laptop,5,408.56,398 Main St,Debit Card,Delivered,TRK98700702,8,FREESHIP,Instagram,2042.8,July,2023
ORD200358,2024-04-07,C70633,Tablet,2,183.67,747 Main St,Online,Cancelled,TRK82540521,3,SAVE10,Google,367.34,April,2024
ORD200359,2023-06-09,C95643,Desk,4,606.57,303 Main St,Debit Card,Delivered,TRK23286689,5,WINTER15,Referral,2426.28,June,2023
ORD200361,2024-06-29,C53464,Printer,5,659.85,197 Main St,Credit Card,Delivered,TRK32743531,9,SAVE10,Facebook,3299.25,June,2024
ORD200362,2023-06-27,C53697,Monitor,4,206.84,312 Main St,Cash,Cancelled,TRK60476656,5,WINTER15,Instagram,827.36,June,2023
ORD200363,2024-05-24,C31668,Laptop,5,113.87,871 Main St,Credit Card,Pending,TRK42584392,6,SAVE10,Email,569.35,May,2024
ORD200364,2023-11-24,C85282,Phone,5,628.74,740 Main St,Cash,Cancelled,TRK86767206,9,FREESHIP,Facebook,3143.7,November,2023
ORD200365,2025-02-14,C56796,Phone,1,678.38,607 Main St,Credit Card,Cancelled,TRK74263180,4,SAVE10,Referral,678.38,February,2025
ORD200367,2024-04-25,C13108,Laptop,5,658.77,712 Main St,Gift Card,Pending,TRK82284400,10,FREESHIP,Instagram,3293.85,April,2024
ORD200369,2024-12-22,C43545,Monitor,5,375.25,216 Main St,Gift Card,Pending,TRK73937402,9,SAVE10,Email,1876.25,December,2024
ORD200370,2025-05-03,C80649,Phone,1,312.11,870 Main St,Online,Cancelled,TRK41143313,4,WINTER15,Facebook,312.11,May,2025
ORD200371,2023-01-05,C59752,Phone,5,307.76,179 Main St,Gift Card,Pending,TRK82229639,9,FREESHIP,Google,1538.8,January,2023
ORD200373,2023-01-02,C60178,Laptop,3,341.15,969 Main St,Cash,Pending,TRK84505143,4,FREESHIP,Instagram,1023.45,January,2023
ORD200374,2024-09-16,C20286,Monitor,1,571.9,129 Main St,Gift Card,Pending,TRK67648338,1,WINTER15,Instagram,571.9,September,2024
ORD200375,2025-01-16,C87547,Monitor,4,95.03,400 Main St,Online,Shipped,TRK71027262,8,FREESHIP,Facebook,380.12,January,2025
ORD200376,2023-08-24,C64549,Monitor,5,201.22,341 Main St,Debit Card,Pending,TRK20788231,6,FREESHIP,Facebook,1006.1,August,2023
ORD200377,2024-07-22,C24884,Monitor,1,260.26,625 Main St,Online,Pending,TRK44538419,5,WINTER15,Instagram,260.26,July,2024
ORD200378,2024-02-01,C62666,Chair,5,64.5,148 Main St,Credit Card,Pending,TRK91029390,8,WINTER15,Instagram,322.5,February,2024
ORD200380,2024-04-20,C35355,Printer,4,331.9,127 Main St,Cash,Pending,TRK52935059,5,SAVE10,Instagram,1327.6,April,2024
ORD200381,2023-06-07,C29467,Chair,1,191.76,223 Main St,Credit Card,Returned,TRK98103385,1,FREESHIP,Instagram,191.76,June,2023
ORD200382,2025-01-30,C26718,Printer,4,263.09,272 Main St,Debit Card,Shipped,TRK91702525,8,SAVE10,Google,1052.36,January,2025
ORD200383,2023-01-20,C18944,Chair,4,393.8,837 Main St,Credit Card,Pending,TRK45275439,7,SAVE10,Email,1575.2,January,2023
ORD200384,2024-11-24,C35628,Chair,3,553.57,147 Main St,Credit Card,Returned,TRK45688220,4,FREESHIP,Facebook,1660.71,November,2024
ORD200385,2023-10-31,C56851,Chair,5,191.63,752 Main St,Gift Card,Delivered,TRK65290904,6,FREESHIP,Facebook,958.15,October,2023
ORD200387,2024-06-27,C25316,Printer,2,39.53,904 Main St,Credit Card,Shipped,TRK55423551,3,WINTER15,Google,79.06,June,2024
ORD200388,2023-12-28,C22657,Printer,3,633.97,152 Main St,Cash,Pending,TRK49157047,7,WINTER15,Facebook,1901.91,December,2023
ORD200389,2023-12-17,C29703,Desk,4,697.5,558 Main St,Cash,Shipped,TRK40543461,7,FREESHIP,Referral,2790.0,December,2023
ORD200390,2023-07-14,C55996,Printer,5,508.69,885 Main St,Cash,Delivered,TRK30547638,10,FREESHIP,Google,2543.45,July,2023
ORD200391,2025-01-16,C60037,Laptop,2,527.46,516 Main St,Debit Card,Cancelled,TRK82009557,3,FREESHIP,Referral,1054.92,January,2025
ORD200392,2024-02-28,C95100,Phone,1,627.2,197 Main St,Online,Delivered,TRK47366265,1,WINTER15,Email,627.2,February,2024
ORD200395,2025-04-25,C30010,Phone,3,127.41,830 Main St,Gift Card,Delivered,TRK35386084,7,SAVE10,Referral,382.23,April,2025
ORD200396,2023-12-01,C99217,Tablet,5,287.13,778 Main St,Online,Shipped,TRK82004594,10,SAVE10,Email,1435.65,December,2023
ORD200397,2023-09-28,C30184,Monitor,1,427.06,987 Main St,Online,Cancelled,TRK86674704,1,WINTER15,Referral,427.06,September,2023
ORD200398,2024-09-04,C50275,Phone,5,53.93,729 Main St,Gift Card,Shipped,TRK98925264,7,SAVE10,Instagram,269.65,September,2024
ORD200399,2024-01-07,C64641,Tablet,5,423.93,319 Main St,Debit Card,Returned,TRK32012588,5,FREESHIP,Facebook,2119.65,January,2024
ORD200400,2024-09-28,C56266,Desk,4,160.22,304 Main St,Debit Card,Returned,TRK60088901,9,WINTER15,Instagram,640.88,September,2024
ORD200403,2024-11-10,C28893,Tablet,1,620.21,740 Main St,Online,Returned,TRK98333066,1,FREESHIP,Referral,620.21,November,2024
ORD200405,2025-01-26,C97774,Monitor,4,451.97,603 Main St,Online,Cancelled,TRK64664424,7,WINTER15,Email,1807.88,January,2025
ORD200406,2023-12-10,C11657,Tablet,4,66.1,572 Main St,Cash,Returned,TRK50284486,9,WINTER15,Google,264.4,December,2023
ORD200407,2023-08-13,C85993,Tablet,4,547.32,250 Main St,Cash,Returned,TRK72547640,8,FREESHIP,Instagram,2189.28,August,2023
ORD200408,2025-01-01,C11906,Printer,3,412.53,536 Main St,Online,Pending,TRK31140158,6,WINTER15,Google,1237.59,January,2025
ORD200409,2023-06-28,C45187,Desk,5,84.13,767 Main St,Online,Delivered,TRK12320793,9,SAVE10,Google,420.65,June,2023
ORD200413,2023-10-08,C13923,Tablet,1,118.8,123 Main St,Online,Delivered,TRK87598790,6,SAVE10,Email,118.8,October,2023
ORD200414,2025-05-04,C11829,Desk,2,139.57,797 Main St,Cash,Delivered,TRK84229257,4,WINTER15,Facebook,279.14,May,2025
ORD200415,2025-04-06,C62169,Chair,1,184.15,655 Main St,Gift Card,Shipped,TRK64558985,5,FREESHIP,Facebook,184.15,April,2025
ORD200416,2023-07-18,C20881,Laptop,2,644.05,652 Main St,Gift Card,Cancelled,TRK26263902,5,WINTER15,Referral,1288.1,July,2023
ORD200419,2024-04-17,C70999,Tablet,2,216.66,885 Main St,Debit Card,Pending,TRK75644156,6,FREESHIP,Instagram,433.32,April,2024
ORD200420,2024-11-29,C11921,Phone,1,452.7,439 Main St,Debit Card,Shipped,TRK91362635,5,FREESHIP,Instagram,452.7,November,2024
ORD200422,2023-06-05,C76140,Phone,4,206.6,914 Main St,Gift Card,Returned,TRK25861469,6,WINTER15,Referral,826.4,June,2023
ORD200423,2024-07-20,C94311,Printer,4,685.2,195 Main St,Gift Card,Cancelled,TRK97308771,6,WINTER15,Google,2740.8,July,2024
ORD200425,2023-03-09,C40648,Laptop,2,301.88,488 Main St,Gift Card,Returned,TRK25325993,5,WINTER15,Email,603.76,March,2023
ORD200427,2024-12-18,C25406,Desk,1,161.24,379 Main St,Credit Card,Pending,TRK70952564,3,WINTER15,Instagram,161.24,December,2024
ORD200428,2024-11-26,C77085,Chair,4,262.58,895 Main St,Online,Cancelled,TRK57227640,8,WINTER15,Email,1050.32,November,2024
ORD200429,2024-12-19,C38126,Printer,4,515.19,522 Main St,Credit Card,Pending,TRK90838498,9,SAVE10,Facebook,2060.76,December,2024
ORD200430,2023-06-07,C87448,Phone,1,450.07,433 Main St,Gift Card,Shipped,TRK44134016,6,FREESHIP,Google,450.07,June,2023
ORD200431,2024-10-06,C62312,Printer,1,52.54,651 Main St,Debit Card,Cancelled,TRK59623037,6,WINTER15,Facebook,52.54,October,2024
ORD200433,2023-08-26,C36613,Monitor,3,631.64,785 Main St,Credit Card,Returned,TRK13282106,3,FREESHIP,Facebook,1894.92,August,2023
ORD200435,2023-05-27,C48601,Printer,1,414.47,101 Main St,Debit Card,Returned,TRK97868309,3,FREESHIP,Instagram,414.47,May,2023
ORD200437,2024-04-18,C63378,Phone,1,512.39,955 Main St,Online,Delivered,TRK20863705,2,FREESHIP,Instagram,512.39,April,2024
ORD200438,2025-01-03,C77800,Tablet,3,459.34,436 Main St,Gift Card,Pending,TRK27439574,3,SAVE10,Instagram,1378.02,January,2025
ORD200439,2024-09-08,C91155,Tablet,1,146.32,321 Main St,Online,Shipped,TRK36260319,4,WINTER15,Facebook,146.32,September,2024
ORD200440,2024-11-05,C60215,Desk,4,83.6,978 Main St,Debit Card,Pending,TRK31727767,4,SAVE10,Facebook,334.4,November,2024
ORD200441,2023-12-13,C52915,Printer,2,328.54,475 Main St,Gift Card,Returned,TRK79466982,6,FREESHIP,Email,657.08,December,2023
ORD200442,2024-05-06,C72588,Chair,5,314.94,661 Main St,Cash,Pending,TRK43410829,8,SAVE10,Instagram,1574.7,May,2024
ORD200444,2024-06-08,C79508,Printer,1,135.17,585 Main St,Online,Shipped,TRK61882353,6,FREESHIP,Instagram,135.17,June,2024
ORD200445,2024-03-23,C94569,Phone,1,487.21,227 Main St,Cash,Delivered,TRK31351770,3,SAVE10,Referral,487.21,March,2024
ORD200446,2023-10-18,C89592,Laptop,5,509.58,262 Main St,Online,Delivered,TRK49442402,6,FREESHIP,Instagram,2547.9,October,2023
ORD200448,2023-09-04,C16776,Laptop,2,160.0,854 Main St,Cash,Pending,TRK12860600,4,SAVE10,Instagram,320.0,September,2023
ORD200450,2024-01-15,C36408,Monitor,5,615.1,160 Main St,Gift Card,Returned,TRK94023253,10,WINTER15,Instagram,3075.5,January,2024
ORD200451,2023-04-01,C14837,Monitor,1,183.18,647 Main St,Debit Card,Cancelled,TRK17501136,6,SAVE10,Email,183.18,April,2023
ORD200452,2023-07-23,C36467,Printer,1,75.78,581 Main St,Cash,Pending,TRK20863987,5,SAVE10,Google,75.78,July,2023
ORD200453,2025-05-02,C15017,Tablet,1,675.57,492 Main St,Cash,Shipped,TRK51241924,1,WINTER15,Facebook,675.57,May,2025
ORD200454,2024-11-27,C54759,Laptop,1,109.29,686 Main St,Debit Card,Cancelled,TRK75583042,5,FREESHIP,Google,109.29,November,2024
ORD200455,2024-03-26,C58341,Phone,1,639.83,874 Main St,Debit Card,Pending,TRK32856728,2,SAVE10,Referral,639.83,March,2024
ORD200456,2023-06-26,C94479,Desk,5,62.81,259 Main St,Credit Card,Shipped,TRK69089975,9,SAVE10,Facebook,314.05,June,2023
ORD200457,2025-05-25,C50236,Desk,4,615.83,545 Main St,Online,Returned,TRK67692578,4,WINTER15,Instagram,2463.32,May,2025
ORD200458,2024-07-02,C31412,Monitor,4,510.58,196 Main St,Credit Card,Returned,TRK61946127,7,WINTER15,Email,2042.32,July,2024
ORD200460,2024-10-06,C83548,Laptop,1,144.25,474 Main St,Cash,Returned,TRK93822942,2,WINTER15,Referral,144.25,October,2024
ORD200461,2024-06-08,C29697,Tablet,1,401.82,407 Main St,Credit Card,Shipped,TRK47776482,5,FREESHIP,Google,401.82,June,2024
ORD200463,2023-05-26,C25276,Laptop,5,662.78,214 Main St,Debit Card,Shipped,TRK14011732,9,SAVE10,Instagram,3313.9,May,2023
ORD200464,2023-03-14,C39176,Tablet,4,434.42,739 Main St,Online,Cancelled,TRK71418686,6,FREESHIP,Google,1737.68,March,2023
ORD200466,2023-07-18,C37412,Phone,1,432.47,895 Main St,Cash,Delivered,TRK97829604,4,FREESHIP,Referral,432.47,July,2023
ORD200467,2024-08-30,C36492,Desk,1,45.94,572 Main St,Cash,Cancelled,TRK44350440,2,WINTER15,Email,45.94,August,2024
ORD200468,2025-06-21,C90110,Phone,1,418.36,998 Main St,Credit Card,Delivered,TRK60203957,5,FREESHIP,Email,418.36,June,2025
ORD200470,2023-09-29,C25149,Tablet,4,263.62,672 Main St,Cash,Shipped,TRK33538608,5,SAVE10,Email,1054.48,September,2023
ORD200471,2025-04-19,C52717,Desk,5,551.27,395 Main St,Online,Cancelled,TRK27625571,7,FREESHIP,Referral,2756.35,April,2025
ORD200472,2023-01-06,C60029,Chair,3,508.12,796 Main St,Credit Card,Cancelled,TRK86461316,8,FREESHIP,Referral,1524.36,January,2023
ORD200474,2023-11-15,C72293,Printer,3,229.34,398 Main St,Credit Card,Shipped,TRK84378003,6,SAVE10,Referral,688.02,November,2023
ORD200475,2025-04-19,C29844,Tablet,2,438.62,363 Main St,Cash,Cancelled,TRK91642337,3,SAVE10,Facebook,877.24,April,2025
ORD200476,2024-01-15,C77872,Phone,2,513.59,867 Main St,Online,Returned,TRK19292184,4,FREESHIP,Referral,1027.18,January,2024
ORD200477,2025-03-05,C56564,Phone,2,253.74,481 Main St,Online,Shipped,TRK13166044,5,SAVE10,Google,507.48,March,2025
ORD200478,2024-11-01,C16758,Tablet,3,62.77,914 Main St,Gift Card,Shipped,TRK88544431,6,FREESHIP,Referral,188.31,November,2024
ORD200480,2023-06-16,C21147,Chair,1,335.1,126 Main St,Debit Card,Pending,TRK93171043,6,FREESHIP,Referral,335.1,June,2023
ORD200481,2023-04-23,C94568,Laptop,4,484.85,317 Main St,Debit Card,Delivered,TRK58653915,5,WINTER15,Referral,1939.4,April,2023
ORD200483,2023-01-18,C66462,Phone,5,347.92,982 Main St,Cash,Pending,TRK52743700,6,WINTER15,Google,1739.6,January,2023
ORD200485,2023-08-01,C46651,Chair,3,404.79,764 Main St,Cash,Shipped,TRK67679195,6,SAVE10,Instagram,1214.37,August,2023
ORD200486,2023-02-03,C88981,Printer,4,611.26,558 Main St,Cash,Shipped,TRK75267873,5,SAVE10,Referral,2445.04,February,2023
ORD200487,2023-03-09,C40136,Printer,3,346.52,211 Main St,Credit Card,Pending,TRK92924852,3,SAVE10,Google,1039.56,March,2023
ORD200488,2024-12-05,C81573,Chair,1,36.65,556 Main St,Online,Cancelled,TRK96522994,1,WINTER15,Email,36.65,December,2024
ORD200489,2023-09-05,C11940,Tablet,3,149.34,589 Main St,Gift Card,Cancelled,TRK85466461,7,WINTER15,Email,448.02,September,2023
ORD200491,2023-01-05,C98168,Phone,5,420.7,481 Main St,Cash,Pending,TRK56423359,5,WINTER15,Facebook,2103.5,January,2023
ORD200492,2023-10-25,C39074,Laptop,5,606.52,103 Main St,Debit Card,Shipped,TRK13027036,6,SAVE10,Instagram,3032.6,October,2023
ORD200493,2025-01-28,C84908,Phone,1,420.26,372 Main St,Credit Card,Pending,TRK64135970,4,FREESHIP,Facebook,420.26,January,2025
ORD200494,2023-07-19,C64516,Laptop,3,505.79,459 Main St,Debit Card,Pending,TRK63920573,3,FREESHIP,Referral,1517.37,July,2023
ORD200495,2025-06-05,C63827,Phone,4,493.73,947 Main St,Debit Card,Pending,TRK35730581,6,SAVE10,Facebook,1974.92,June,2025
ORD200496,2025-03-14,C93618,Printer,3,201.21,249 Main St,Online,Cancelled,TRK66129326,3,SAVE10,Google,603.63,March,2025
ORD200498,2023-07-12,C73961,Tablet,4,132.56,306 Main St,Cash,Returned,TRK32607173,8,WINTER15,Instagram,530.24,July,2023
ORD200499,2023-04-06,C18138,Printer,3,539.46,520 Main St,Credit Card,Shipped,TRK20289483,4,SAVE10,Facebook,1618.38,April,2023
ORD200500,2024-04-07,C79475,Laptop,5,508.59,169 Main St,Cash,Returned,TRK42168516,8,WINTER15,Facebook,2542.95,April,2024
ORD200501,2024-02-04,C88546,Desk,4,203.46,226 Main St,Credit Card,Pending,TRK19867754,7,SAVE10,Referral,813.84,February,2024
ORD200502,2023-05-20,C69332,Monitor,3,565.25,745 Main St,Debit Card,Returned,TRK65718848,7,SAVE10,Email,1695.75,May,2023
ORD200503,2023-08-31,C64554,Tablet,3,136.84,498 Main St,Online,Pending,TRK95384568,4,FREESHIP,Facebook,410.52,August,2023
ORD200504,2025-06-11,C11676,Monitor,2,464.5,805 Main St,Online,Cancelled,TRK35726395,2,WINTER15,Instagram,929.0,June,2025
ORD200506,2023-07-25,C23279,Monitor,2,43.67,696 Main St,Cash,Returned,TRK58039693,4,WINTER15,Instagram,87.34,July,2023
ORD200507,2023-07-05,C86481,Phone,1,171.59,546 Main St,Credit Card,Pending,TRK87513944,5,WINTER15,Email,171.59,July,2023
ORD200509,2023-02-15,C68937,Laptop,2,425.03,560 Main St,Cash,Returned,TRK31908657,2,WINTER15,Google,850.06,February,2023
ORD200510,2024-12-16,C72533,Printer,1,376.76,389 Main St,Debit Card,Delivered,TRK51288986,5,SAVE10,Email,376.76,December,2024
ORD200511,2024-03-15,C11415,Monitor,5,575.24,267 Main St,Cash,Delivered,TRK65061457,7,WINTER15,Email,2876.2,March,2024
ORD200512,2024-09-27,C14114,Desk,3,568.02,856 Main St,Online,Pending,TRK63290700,3,FREESHIP,Instagram,1704.06,September,2024
ORD200514,2023-04-16,C15629,Printer,3,304.15,492 Main St,Gift Card,Shipped,TRK64926044,3,WINTER15,Instagram,912.45,April,2023
ORD200515,2023-03-14,C67561,Phone,3,553.52,160 Main St,Gift Card,Shipped,TRK75900717,4,FREESHIP,Facebook,1660.56,March,2023
ORD200517,2024-04-09,C55205,Tablet,4,198.35,943 Main St,Cash,Cancelled,TRK88141634,7,FREESHIP,Google,793.4,April,2024
ORD200518,2025-06-13,C30686,Printer,4,403.58,319 Main St,Online,Pending,TRK59807273,9,SAVE10,Referral,1614.32,June,2025
ORD200519,2025-05-10,C71797,Laptop,4,464.29,941 Main St,Debit Card,Returned,TRK66010667,5,SAVE10,Email,1857.16,May,2025
ORD200522,2024-04-20,C66254,Chair,1,515.32,740 Main St,Gift Card,Cancelled,TRK82843861,1,FREESHIP,Email,515.32,April,2024
ORD200523,2025-02-18,C65083,Desk,4,657.79,652 Main St,Credit Card,Returned,TRK60937148,6,WINTER15,Google,2631.16,February,2025
ORD200525,2023-12-03,C54499,Monitor,1,668.48,160 Main St,Debit Card,Shipped,TRK18061555,1,SAVE10,Email,668.48,December,2023
ORD200526,2024-02-29,C91201,Desk,2,46.5,837 Main St,Cash,Returned,TRK63526023,7,WINTER15,Google,93.0,February,2024
ORD200527,2024-08-19,C27202,Chair,5,653.47,967 Main St,Credit Card,Cancelled,TRK75406128,10,SAVE10,Referral,3267.35,August,2024
ORD200528,2025-02-26,C32011,Chair,1,628.89,686 Main St,Credit Card,Returned,TRK70997744,2,SAVE10,Referral,628.89,February,2025
ORD200529,2024-04-07,C21181,Tablet,2,675.1,938 Main St,Cash,Pending,TRK50363421,4,FREESHIP,Google,1350.2,April,2024
ORD200533,2023-03-05,C66349,Desk,1,565.85,715 Main St,Gift Card,Returned,TRK63550793,1,FREESHIP,Facebook,565.85,March,2023
ORD200534,2024-06-06,C73289,Chair,3,648.59,906 Main St,Debit Card,Cancelled,TRK70872738,4,SAVE10,Email,1945.77,June,2024
ORD200535,2024-07-24,C48649,Monitor,3,68.12,332 Main St,Online,Cancelled,TRK45821445,3,FREESHIP,Email,204.36,July,2024
ORD200537,2025-03-23,C68553,Tablet,3,247.47,385 Main St,Online,Delivered,TRK58218971,4,SAVE10,Facebook,742.41,March,2025
ORD200538,2024-05-24,C61280,Phone,3,490.74,100 Main St,Cash,Shipped,TRK95487711,3,WINTER15,Email,1472.22,May,2024
ORD200539,2025-02-18,C53277,Desk,3,531.72,473 Main St,Gift Card,Delivered,TRK17653832,7,SAVE10,Google,1595.16,February,2025
ORD200542,2023-11-14,C49726,Tablet,1,17.98,934 Main St,Cash,Cancelled,TRK20739460,6,FREESHIP,Email,17.98,November,2023
ORD200543,2024-03-09,C37531,Desk,5,269.86,354 Main St,Cash,Shipped,TRK93877673,6,WINTER15,Facebook,1349.3,March,2024
ORD200544,2024-03-10,C48713,Printer,5,31.96,373 Main St,Credit Card,Returned,TRK96334419,5,FREESHIP,Referral,159.8,March,2024
ORD200546,2024-03-01,C82399,Monitor,1,158.68,928 Main St,Credit Card,Returned,TRK77177284,6,WINTER15,Instagram,158.68,March,2024
ORD200547,2023-08-20,C40427,Phone,1,613.98,411 Main St,Online,Delivered,TRK25392280,4,FREESHIP,Facebook,613.98,August,2023
ORD200548,2024-01-05,C17103,Printer,3,426.12,922 Main St,Online,Delivered,TRK64398650,5,WINTER15,Instagram,1278.36,January,2024
ORD200549,2025-02-25,C34266,Monitor,4,629.88,550 Main St,Debit Card,Cancelled,TRK56378197,8,WINTER15,Instagram,2519.52,February,2025
ORD200550,2023-10-29,C97485,Laptop,4,228.91,573 Main St,Cash,Shipped,TRK81794737,4,FREESHIP,Google,915.64,October,2023
ORD200551,2023-05-18,C23947,Laptop,1,120.98,353 Main St,Debit Card,Delivered,TRK74812710,6,WINTER15,Email,120.98,May,2023
ORD200552,2023-09-30,C21665,Chair,4,425.18,560 Main St,Online,Returned,TRK29890761,8,WINTER15,Facebook,1700.72,September,2023
ORD200553,2023-08-23,C82550,Phone,2,333.83,828 Main St,Gift Card,Cancelled,TRK74103758,4,FREESHIP,Referral,667.66,August,2023
ORD200554,2025-05-30,C61943,Laptop,2,492.9,610 Main St,Cash,Returned,TRK66126496,5,FREESHIP,Instagram,985.8,May,2025
ORD200556,2023-01-28,C30923,Laptop,1,654.27,932 Main St,Gift Card,Pending,TRK82609328,2,SAVE10,Facebook,654.27,January,2023
ORD200557,2023-06-29,C56969,Tablet,1,56.2,130 Main St,Debit Card,Pending,TRK40719215,1,WINTER15,Facebook,56.2,June,2023
ORD200558,2024-07-16,C76766,Phone,4,628.12,485 Main St,Online,Delivered,TRK32052962,6,WINTER15,Instagram,2512.48,July,2024
ORD200559,2024-04-15,C22981,Desk,3,157.4,454 Main St,Debit Card,Cancelled,TRK10115285,7,WINTER15,Email,472.2,April,2024
ORD200562,2023-10-06,C76675,Laptop,3,663.93,922 Main St,Gift Card,Returned,TRK28043915,6,FREESHIP,Email,1991.79,October,2023
ORD200563,2023-12-12,C12039,Laptop,1,132.68,844 Main St,Debit Card,Returned,TRK68645763,1,SAVE10,Referral,132.68,December,2023
ORD200564,2025-04-08,C93309,Desk,5,364.28,734 Main St,Credit Card,Cancelled,TRK99446987,5,WINTER15,Google,1821.4,April,2025
ORD200566,2024-04-18,C83223,Phone,4,162.71,167 Main St,Cash,Cancelled,TRK54339083,7,FREESHIP,Email,650.84,April,2024
ORD200567,2024-09-30,C92575,Chair,5,492.94,153 Main St,Cash,Shipped,TRK53579227,10,FREESHIP,Email,2464.7,September,2024
ORD200569,2025-03-22,C25783,Desk,5,250.68,672 Main St,Cash,Shipped,TRK13289741,8,SAVE10,Instagram,1253.4,March,2025
ORD200570,2024-12-27,C63727,Desk,2,362.14,122 Main St,Debit Card,Pending,TRK13611021,2,SAVE10,Instagram,724.28,December,2024
ORD200571,2024-11-23,C42365,Tablet,1,214.08,867 Main St,Gift Card,Returned,TRK39563288,2,WINTER15,Google,214.08,November,2024
ORD200572,2023-11-11,C27438,Printer,1,70.32,341 Main St,Cash,Returned,TRK69125497,4,WINTER15,Facebook,70.32,November,2023
ORD200574,2024-01-24,C29685,Chair,5,384.69,275 Main St,Credit Card,Pending,TRK97733212,6,FREESHIP,Email,1923.45,January,2024
ORD200575,2023-06-07,C74005,Chair,5,448.15,528 Main St,Gift Card,Returned,TRK61640534,7,SAVE10,Google,2240.75,June,2023
ORD200577,2023-01-22,C77046,Tablet,4,185.41,967 Main St,Online,Returned,TRK44401497,9,WINTER15,Google,741.64,January,2023
ORD200578,2024-10-10,C50415,Monitor,5,566.07,587 Main St,Credit Card,Delivered,TRK41345634,6,SAVE10,Instagram,2830.35,October,2024
ORD200579,2023-06-04,C73999,Tablet,2,187.88,413 Main St,Online,Shipped,TRK67919507,4,WINTER15,Facebook,375.76,June,2023
ORD200580,2023-11-14,C71076,Monitor,2,255.99,340 Main St,Credit Card,Delivered,TRK65148292,4,SAVE10,Instagram,511.98,November,2023
ORD200582,2024-02-19,C15228,Tablet,3,474.14,558 Main St,Gift Card,Shipped,TRK33860620,8,WINTER15,Google,1422.42,February,2024
ORD200584,2025-03-21,C15257,Chair,4,145.05,626 Main St,Online,Delivered,TRK28779938,6,SAVE10,Google,580.2,March,2025
ORD200585,2023-08-20,C91486,Tablet,4,67.08,907 Main St,Cash,Returned,TRK79617136,8,WINTER15,Google,268.32,August,2023
ORD200586,2024-11-10,C17389,Monitor,1,522.08,905 Main St,Gift Card,Returned,TRK98857880,5,FREESHIP,Referral,522.08,November,2024
ORD200587,2023-06-12,C18820,Monitor,5,514.6,347 Main St,Gift Card,Delivered,TRK91547425,10,FREESHIP,Instagram,2573.0,June,2023
ORD200589,2025-02-10,C84041,Laptop,2,500.8,900 Main St,Cash,Delivered,TRK84920444,3,FREESHIP,Referral,1001.6,February,2025
ORD200591,2024-11-18,C18187,Laptop,1,605.28,470 Main St,Gift Card,Shipped,TRK50528185,3,FREESHIP,Referral,605.28,November,2024
ORD200593,2023-08-02,C51024,Monitor,1,489.8,636 Main St,Gift Card,Shipped,TRK31375086,4,FREESHIP,Facebook,489.8,August,2023
ORD200595,2025-01-10,C72596,Printer,2,385.16,491 Main St,Online,Pending,TRK83870446,7,SAVE10,Email,770.32,January,2025
ORD200596,2023-06-12,C91805,Desk,3,606.41,653 Main St,Debit Card,Returned,TRK34504030,7,FREESHIP,Facebook,1819.23,June,2023
ORD200597,2024-11-25,C40538,Desk,2,211.82,700 Main St,Gift Card,Cancelled,TRK29821356,4,WINTER15,Email,423.64,November,2024
ORD200599,2023-06-30,C28740,Chair,3,556.99,123 Main St,Online,Cancelled,TRK33642221,4,FREESHIP,Facebook,1670.97,June,2023
ORD200600,2023-05-26,C87051,Printer,1,72.31,460 Main St,Gift Card,Cancelled,TRK82056333,1,FREESHIP,Facebook,72.31,May,2023
ORD200602,2024-03-05,C35852,Tablet,4,26.04,982 Main St,Online,Pending,TRK64660134,5,SAVE10,Instagram,104.16,March,2024
ORD200603,2024-10-04,C26223,Tablet,1,657.07,800 Main St,Cash,Pending,TRK50900547,4,SAVE10,Google,657.07,October,2024
ORD200605,2024-05-10,C49605,Monitor,2,228.91,892 Main St,Debit Card,Shipped,TRK95620066,4,SAVE10,Referral,457.82,May,2024
ORD200606,2024-11-06,C85018,Laptop,3,274.75,783 Main St,Cash,Cancelled,TRK54128886,3,SAVE10,Google,824.25,November,2024
ORD200607,2025-05-31,C96434,Printer,4,634.05,282 Main St,Cash,Shipped,TRK56730647,6,SAVE10,Google,2536.2,May,2025
ORD200608,2024-07-24,C32956,Laptop,5,543.16,788 Main St,Online,Cancelled,TRK73140103,6,SAVE10,Instagram,2715.8,July,2024
ORD200609,2025-01-27,C41137,Chair,3,449.13,809 Main St,Cash,Returned,TRK52732162,5,WINTER15,Referral,1347.39,January,2025
ORD200610,2024-06-16,C60361,Desk,5,389.62,623 Main St,Cash,Returned,TRK83566924,7,FREESHIP,Facebook,1948.1,June,2024
ORD200611,2023-04-21,C36688,Desk,1,305.17,700 Main St,Gift Card,Returned,TRK35720426,3,WINTER15,Referral,305.17,April,2023
ORD200613,2024-12-19,C62405,Laptop,2,230.36,154 Main St,Online,Returned,TRK14721763,4,WINTER15,Email,460.72,December,2024
ORD200615,2025-03-07,C97218,Monitor,5,460.14,252 Main St,Credit Card,Returned,TRK52632065,10,WINTER15,Facebook,2300.7,March,2025
ORD200616,2024-10-17,C43919,Tablet,3,601.6,984 Main St,Credit Card,Cancelled,TRK73113192,7,SAVE10,Facebook,1804.8,October,2024
ORD200620,2024-03-27,C84834,Tablet,3,136.34,866 Main St,Debit Card,Returned,TRK90136001,8,SAVE10,Referral,409.02,March,2024
ORD200621,2023-10-22,C37455,Phone,5,476.01,146 Main St,Credit Card,Delivered,TRK82685594,7,WINTER15,Google,2380.05,October,2023
ORD200623,2023-06-16,C91941,Printer,3,396.0,269 Main St,Gift Card,Cancelled,TRK21330732,4,FREESHIP,Instagram,1188.0,June,2023
ORD200625,2023-09-24,C22123,Tablet,1,672.89,519 Main St,Credit Card,Pending,TRK43250279,1,WINTER15,Email,672.89,September,2023
ORD200626,2024-03-01,C45671,Tablet,2,657.48,769 Main St,Online,Shipped,TRK18179773,5,SAVE10,Referral,1314.96,March,2024
ORD200627,2023-08-06,C53334,Chair,3,498.68,879 Main St,Online,Returned,TRK31724421,4,FREESHIP,Email,1496.04,August,2023
ORD200628,2023-03-26,C18717,Printer,5,558.63,861 Main St,Cash,Pending,TRK58568806,8,FREESHIP,Referral,2793.15,March,2023
ORD200631,2024-08-31,C99128,Chair,3,46.11,360 Main St,Gift Card,Returned,TRK32426808,5,WINTER15,Referral,138.33,August,2024
ORD200632,2023-05-02,C67260,Laptop,5,678.16,463 Main St,Gift Card,Delivered,TRK38229104,7,WINTER15,Facebook,3390.8,May,2023
ORD200633,2024-04-10,C79533,Laptop,5,601.72,921 Main St,Gift Card,Cancelled,TRK54711422,5,WINTER15,Instagram,3008.6,April,2024
ORD200634,2024-04-25,C66906,Printer,2,259.32,117 Main St,Gift Card,Delivered,TRK31633755,2,WINTER15,Referral,518.64,April,2024
ORD200636,2023-10-05,C60384,Laptop,4,371.07,336 Main St,Cash,Cancelled,TRK92080037,7,WINTER15,Facebook,1484.28,October,2023
ORD200637,2024-09-29,C92294,Chair,4,306.35,784 Main St,Gift Card,Shipped,TRK23585765,7,WINTER15,Referral,1225.4,September,2024
ORD200638,2023-10-15,C66840,Tablet,4,578.27,547 Main St,Online,Delivered,TRK76929637,9,WINTER15,Email,2313.08,October,2023
ORD200640,2024-02-27,C46509,Chair,2,587.49,647 Main St,Gift Card,Returned,TRK24241664,6,SAVE10,Referral,1174.98,February,2024
ORD200641,2024-06-30,C71680,Printer,4,567.57,814 Main St,Debit Card,Pending,TRK47386650,9,WINTER15,Google,2270.28,June,2024
ORD200642,2024-04-29,C15063,Chair,5,85.22,527 Main St,Credit Card,Cancelled,TRK10329390,7,FREESHIP,Email,426.1,April,2024
ORD200643,2024-08-26,C77122,Laptop,1,438.37,647 Main St,Cash,Cancelled,TRK75814880,4,SAVE10,Referral,438.37,August,2024
ORD200644,2023-11-15,C86524,Chair,2,366.23,961 Main St,Cash,Shipped,TRK62490506,2,WINTER15,Email,732.46,November,2023
ORD200645,2023-01-02,C82990,Laptop,2,150.05,727 Main St,Credit Card,Cancelled,TRK68574801,4,SAVE10,Facebook,300.1,January,2023
ORD200646,2023-10-27,C98761,Chair,4,498.51,804 Main St,Debit Card,Shipped,TRK43262630,4,SAVE10,Google,1994.04,October,2023
ORD200647,2025-04-24,C54409,Desk,3,339.39,667 Main St,Cash,Returned,TRK67671316,7,FREESHIP,Google,1018.17,April,2025
ORD200648,2025-01-18,C89674,Monitor,2,575.83,182 Main St,Online,Delivered,TRK45902512,3,WINTER15,Referral,1151.66,January,2025
ORD200649,2023-12-23,C45899,Monitor,2,642.98,153 Main St,Debit Card,Returned,TRK32932093,7,FREESHIP,Email,1285.96,December,2023
ORD200650,2023-05-18,C74499,Desk,2,372.23,518 Main St,Gift Card,Delivered,TRK93767278,7,SAVE10,Email,744.46,May,2023
ORD200652,2024-06-05,C71473,Chair,5,341.84,328 Main St,Online,Shipped,TRK94857335,8,FREESHIP,Instagram,1709.2,June,2024
ORD200653,2024-02-25,C59338,Printer,3,690.3,747 Main St,Credit Card,Shipped,TRK12902764,6,WINTER15,Google,2070.9,February,2024
ORD200655,2023-03-14,C22101,Chair,2,132.6,262 Main St,Debit Card,Cancelled,TRK70711522,4,WINTER15,Email,265.2,March,2023
ORD200656,2024-01-18,C51404,Monitor,2,189.06,835 Main St,Gift Card,Shipped,TRK85682500,7,SAVE10,Facebook,378.12,January,2024
ORD200657,2023-12-24,C19384,Tablet,4,87.79,532 Main St,Cash,Cancelled,TRK33207064,6,FREESHIP,Instagram,351.16,December,2023
ORD200658,2025-04-18,C86864,Printer,2,46.36,670 Main St,Gift Card,Returned,TRK15323191,4,SAVE10,Google,92.72,April,2025
ORD200659,2024-10-26,C24301,Phone,2,642.04,964 Main St,Gift Card,Delivered,TRK55000075,4,WINTER15,Email,1284.08,October,2024
ORD200660,2024-10-19,C43842,Chair,2,651.57,933 Main St,Debit Card,Shipped,TRK54084424,7,WINTER15,Facebook,1303.14,October,2024
ORD200661,2025-02-28,C63657,Tablet,3,424.89,116 Main St,Debit Card,Cancelled,TRK86378984,6,FREESHIP,Google,1274.67,February,2025
ORD200663,2024-04-15,C59774,Monitor,1,72.6,941 Main St,Debit Card,Cancelled,TRK87635135,6,FREESHIP,Instagram,72.6,April,2024
ORD200665,2023-05-02,C83653,Tablet,4,231.26,253 Main St,Online,Shipped,TRK32619935,6,WINTER15,Google,925.04,May,2023
ORD200667,2023-05-03,C10477,Laptop,1,466.42,172 Main St,Gift Card,Pending,TRK41505339,5,SAVE10,Email,466.42,May,2023
ORD200668,2024-07-05,C61257,Monitor,2,253.67,981 Main St,Cash,Returned,TRK25226070,3,WINTER15,Facebook,507.34,July,2024
ORD200670,2024-04-18,C14576,Desk,4,539.2,747 Main St,Credit Card,Pending,TRK21637540,8,FREESHIP,Google,2156.8,April,2024
ORD200671,2023-06-15,C49282,Chair,5,50.74,737 Main St,Gift Card,Cancelled,TRK88653901,7,WINTER15,Google,253.7,June,2023
ORD200672,2023-05-09,C14017,Phone,2,624.16,984 Main St,Debit Card,Shipped,TRK71009446,2,SAVE10,Instagram,1248.32,May,2023
ORD200673,2023-02-21,C46504,Tablet,2,372.92,131 Main St,Credit Card,Delivered,TRK95024356,7,SAVE10,Email,745.84,February,2023
ORD200674,2024-01-09,C56928,Laptop,4,358.75,860 Main St,Gift Card,Delivered,TRK57792939,9,SAVE10,Facebook,1435.0,January,2024
ORD200676,2025-06-23,C90431,Laptop,2,422.34,985 Main St,Credit Card,Cancelled,TRK44151723,4,FREESHIP,Instagram,844.68,June,2025
ORD200677,2025-04-03,C56722,Tablet,5,22.07,179 Main St,Online,Cancelled,TRK78778569,7,FREESHIP,Instagram,110.35,April,2025
ORD200678,2024-11-24,C40863,Chair,3,163.13,457 Main St,Gift Card,Shipped,TRK20553345,5,WINTER15,Facebook,489.39,November,2024
ORD200679,2023-02-02,C40798,Tablet,3,360.66,304 Main St,Online,Returned,TRK66106697,5,FREESHIP,Instagram,1081.98,February,2023
ORD200682,2023-07-23,C50274,Monitor,3,509.42,449 Main St,Credit Card,Cancelled,TRK91729086,5,FREESHIP,Google,1528.26,July,2023
ORD200683,2025-05-18,C91591,Desk,4,652.48,887 Main St,Cash,Pending,TRK23554043,5,FREESHIP,Instagram,2609.92,May,2025
ORD200685,2025-02-07,C64579,Desk,1,234.37,638 Main St,Debit Card,Shipped,TRK10276565,5,FREESHIP,Email,234.37,February,2025
ORD200686,2023-10-09,C41903,Desk,3,53.6,525 Main St,Cash,Pending,TRK59112382,4,WINTER15,Facebook,160.8,October,2023
ORD200687,2023-09-13,C19742,Tablet,1,332.09,408 Main St,Gift Card,Returned,TRK68845230,5,FREESHIP,Instagram,332.09,September,2023
ORD200688,2024-03-06,C20077,Monitor,4,593.22,154 Main St,Credit Card,Cancelled,TRK36415742,8,WINTER15,Facebook,2372.88,March,2024
ORD200692,2023-01-23,C25534,Desk,5,196.84,319 Main St,Credit Card,Delivered,TRK68347402,5,WINTER15,Instagram,984.2,January,2023
ORD200694,2023-10-02,C92049,Printer,4,666.52,619 Main St,Cash,Shipped,TRK32287092,8,FREESHIP,Email,2666.08,October,2023
ORD200695,2024-11-23,C52604,Printer,5,101.3,553 Main St,Online,Shipped,TRK48839788,7,FREESHIP,Email,506.5,November,2024
ORD200696,2023-07-02,C22429,Chair,4,151.2,965 Main St,Gift Card,Pending,TRK38572927,9,WINTER15,Facebook,604.8,July,2023
ORD200697,2025-02-04,C27430,Printer,5,94.85,788 Main St,Cash,Shipped,TRK45025840,6,WINTER15,Email,474.25,February,2025
ORD200698,2023-01-04,C44366,Laptop,2,388.22,169 Main St,Cash,Delivered,TRK48658394,2,WINTER15,Instagram,776.44,January,2023
ORD200700,2024-09-25,C40201,Laptop,2,92.91,555 Main St,Cash,Returned,TRK30198779,3,WINTER15,Instagram,185.82,September,2024
ORD200701,2024-06-23,C75456,Monitor,3,92.22,115 Main St,Credit Card,Delivered,TRK90519490,5,FREESHIP,Email,276.66,June,2024
ORD200703,2023-03-22,C89336,Desk,1,92.79,799 Main St,Cash,Pending,TRK47665103,3,WINTER15,Email,92.79,March,2023
ORD200704,2023-06-03,C96034,Desk,4,30.27,819 Main St,Online,Delivered,TRK87261034,9,FREESHIP,Google,121.08,June,2023
ORD200705,2025-03-30,C50114,Monitor,2,49.08,420 Main St,Debit Card,Returned,TRK20214786,7,FREESHIP,Instagram,98.16,March,2025
ORD200706,2025-03-02,C85330,Desk,5,228.09,969 Main St,Gift Card,Returned,TRK97693301,9,FREESHIP,Facebook,1140.45,March,2025
ORD200707,2024-11-01,C31761,Chair,4,650.04,989 Main St,Gift Card,Cancelled,TRK17628852,6,SAVE10,Facebook,2600.16,November,2024
ORD200708,2025-03-04,C25268,Printer,1,665.11,788 Main St,Cash,Pending,TRK20481215,3,FREESHIP,Instagram,665.11,March,2025
ORD200709,2024-12-07,C17132,Desk,1,386.03,855 Main St,Online,Pending,TRK37504692,4,FREESHIP,Google,386.03,December,2024
ORD200711,2024-07-04,C61070,Tablet,2,475.78,632 Main St,Online,Shipped,TRK90764894,2,WINTER15,Google,951.56,July,2024
ORD200712,2024-01-09,C56969,Tablet,2,68.4,993 Main St,Gift Card,Pending,TRK10513339,7,FREESHIP,Email,136.8,January,2024
ORD200713,2025-06-21,C65056,Tablet,4,532.49,638 Main St,Online,Cancelled,TRK31705278,6,SAVE10,Facebook,2129.96,June,2025
ORD200714,2023-04-21,C84888,Laptop,1,51.73,278 Main St,Debit Card,Pending,TRK23612847,1,FREESHIP,Facebook,51.73,April,2023
ORD200715,2024-07-26,C68266,Printer,3,653.63,281 Main St,Online,Delivered,TRK96161062,7,FREESHIP,Email,1960.89,July,2024
ORD200716,2024-06-13,C84115,Chair,3,454.29,891 Main St,Credit Card,Pending,TRK25466842,4,WINTER15,Google,1362.87,June,2024
ORD200717,2023-10-16,C50087,Chair,3,122.11,707 Main St,Online,Delivered,TRK31143760,4,WINTER15,Email,366.33,October,2023
ORD200718,2023-04-08,C16790,Laptop,4,64.74,718 Main St,Gift Card,Cancelled,TRK91791367,8,SAVE10,Google,258.96,April,2023
ORD200719,2024-01-21,C46920,Laptop,2,681.06,703 Main St,Debit Card,Shipped,TRK86403837,3,FREESHIP,Facebook,1362.12,January,2024
ORD200720,2023-09-21,C12740,Desk,5,128.95,305 Main St,Cash,Pending,TRK98506513,10,FREESHIP,Instagram,644.75,September,2023
ORD200722,2024-11-15,C58156,Printer,1,95.1,516 Main St,Gift Card,Pending,TRK49719458,1,WINTER15,Instagram,95.1,November,2024
ORD200723,2023-12-09,C14455,Desk,3,54.95,385 Main St,Cash,Returned,TRK50933724,8,SAVE10,Referral,164.85,December,2023
ORD200724,2024-10-18,C63150,Printer,3,136.97,326 Main St,Credit Card,Returned,TRK19348078,4,FREESHIP,Referral,410.91,October,2024
ORD200726,2024-10-25,C18105,Laptop,4,583.02,338 Main St,Online,Delivered,TRK94006117,4,FREESHIP,Facebook,2332.08,October,2024
ORD200727,2024-09-29,C29063,Chair,5,95.75,379 Main St,Online,Shipped,TRK92745947,8,SAVE10,Instagram,478.75,September,2024
ORD200728,2024-07-29,C10154,Desk,4,325.76,827 Main St,Gift Card,Shipped,TRK79793300,8,WINTER15,Email,1303.04,July,2024
ORD200729,2023-09-08,C36997,Phone,4,186.41,819 Main St,Gift Card,Pending,TRK92794872,6,SAVE10,Google,745.64,September,2023
ORD200730,2025-02-22,C77357,Phone,1,474.6,407 Main St,Debit Card,Delivered,TRK91943923,4,SAVE10,Email,474.6,February,2025
ORD200733,2023-12-04,C90757,Tablet,4,494.84,694 Main St,Cash,Returned,TRK87991608,8,SAVE10,Email,1979.36,December,2023
ORD200734,2024-01-23,C51898,Printer,4,224.61,630 Main St,Credit Card,Returned,TRK19767885,6,WINTER15,Facebook,898.44,January,2024
ORD200736,2024-02-09,C59441,Monitor,5,418.53,696 Main St,Credit Card,Pending,TRK66186874,6,FREESHIP,Google,2092.65,February,2024
ORD200737,2024-01-03,C91029,Phone,4,532.87,972 Main St,Cash,Pending,TRK25501930,9,FREESHIP,Instagram,2131.48,January,2024
ORD200738,2025-06-04,C96261,Phone,2,485.37,264 Main St,Credit Card,Shipped,TRK44998396,5,SAVE10,Email,970.74,June,2025
ORD200739,2024-06-13,C35123,Phone,4,386.73,513 Main St,Cash,Delivered,TRK58979275,4,SAVE10,Facebook,1546.92,June,2024
ORD200742,2024-11-30,C41974,Laptop,3,699.93,726 Main St,Cash,Returned,TRK48051468,7,SAVE10,Google,2099.79,November,2024
ORD200743,2024-09-30,C23978,Monitor,1,576.35,549 Main St,Gift Card,Returned,TRK87090813,1,WINTER15,Instagram,576.35,September,2024
ORD200744,2024-06-12,C10642,Tablet,2,461.37,200 Main St,Cash,Delivered,TRK98725693,5,SAVE10,Google,922.74,June,2024
ORD200745,2023-03-02,C73813,Printer,4,111.3,364 Main St,Debit Card,Pending,TRK89906749,7,FREESHIP,Email,445.2,March,2023
ORD200746,2025-02-24,C32183,Desk,3,661.89,551 Main St,Online,Cancelled,TRK76287027,6,WINTER15,Referral,1985.67,February,2025
ORD200747,2025-03-12,C54277,Tablet,2,259.58,940 Main St,Debit Card,Delivered,TRK26500181,7,FREESHIP,Instagram,519.16,March,2025
ORD200748,2024-07-15,C56553,Tablet,3,70.81,249 Main St,Credit Card,Shipped,TRK37667360,8,FREESHIP,Referral,212.43,July,2024
ORD200749,2025-04-13,C17551,Laptop,1,518.39,997 Main St,Debit Card,Pending,TRK88797170,4,FREESHIP,Instagram,518.39,April,2025
ORD200750,2023-01-14,C14737,Tablet,4,145.41,637 Main St,Credit Card,Returned,TRK10295115,7,FREESHIP,Email,581.64,January,2023
ORD200751,2023-01-24,C35168,Tablet,2,599.86,455 Main St,Gift Card,Pending,TRK76960854,7,FREESHIP,Facebook,1199.72,January,2023
ORD200752,2024-10-03,C82217,Phone,4,429.37,299 Main St,Credit Card,Delivered,TRK33305694,8,FREESHIP,Google,1717.48,October,2024
ORD200753,2024-04-24,C42270,Phone,2,241.49,864 Main St,Debit Card,Returned,TRK72697796,7,FREESHIP,Instagram,482.98,April,2024
ORD200754,2025-05-31,C48846,Printer,2,452.05,983 Main St,Credit Card,Returned,TRK52804097,3,WINTER15,Email,904.1,May,2025
ORD200757,2024-02-22,C81074,Desk,1,157.72,597 Main St,Debit Card,Delivered,TRK91105190,2,FREESHIP,Google,157.72,February,2024
ORD200758,2023-03-26,C69021,Tablet,3,624.84,917 Main St,Credit Card,Cancelled,TRK57148510,8,WINTER15,Facebook,1874.52,March,2023
ORD200759,2023-07-24,C96283,Desk,3,308.01,366 Main St,Cash,Pending,TRK91784124,3,FREESHIP,Facebook,924.03,July,2023
ORD200762,2024-09-17,C12444,Phone,3,76.96,611 Main St,Cash,Returned,TRK97621403,8,FREESHIP,Email,230.88,September,2024
ORD200763,2023-04-06,C79142,Laptop,1,569.96,533 Main St,Online,Delivered,TRK30915955,4,FREESHIP,Email,569.96,April,2023
ORD200764,2024-03-10,C35983,Laptop,5,627.43,806 Main St,Credit Card,Cancelled,TRK14016163,10,FREESHIP,Email,3137.15,March,2024
ORD200765,2023-10-06,C36150,Laptop,2,534.91,281 Main St,Debit Card,Returned,TRK96249043,5,SAVE10,Google,1069.82,October,2023
ORD200766,2023-01-22,C91454,Printer,2,278.88,494 Main St,Debit Card,Pending,TRK99985340,3,FREESHIP,Referral,557.76,January,2023
ORD200768,2023-09-04,C35987,Tablet,5,653.46,165 Main St,Cash,Cancelled,TRK28918815,9,WINTER15,Email,3267.3,September,2023
ORD200771,2024-06-12,C20357,Phone,3,692.44,272 Main St,Debit Card,Cancelled,TRK82236408,8,FREESHIP,Google,2077.32,June,2024
ORD200774,2025-04-15,C29701,Chair,3,20.54,257 Main St,Credit Card,Cancelled,TRK42266846,3,FREESHIP,Instagram,61.62,April,2025
ORD200776,2023-08-21,C69168,Tablet,1,21.19,482 Main St,Cash,Returned,TRK10446197,5,WINTER15,Google,21.19,August,2023
ORD200778,2023-04-28,C85059,Laptop,4,246.85,316 Main St,Credit Card,Shipped,TRK56503740,8,WINTER15,Google,987.4,April,2023
ORD200779,2023-12-01,C18076,Phone,3,588.74,751 Main St,Debit Card,Pending,TRK26661705,8,FREESHIP,Email,1766.22,December,2023
ORD200780,2024-03-31,C41284,Laptop,4,184.48,661 Main St,Online,Cancelled,TRK73613128,4,WINTER15,Google,737.92,March,2024
ORD200781,2024-01-10,C43524,Phone,5,524.26,934 Main St,Gift Card,Delivered,TRK51479426,5,FREESHIP,Referral,2621.3,January,2024
ORD200782,2024-08-11,C58063,Monitor,2,493.63,167 Main St,Online,Returned,TRK50548869,6,SAVE10,Referral,987.26,August,2024
ORD200783,2025-05-26,C19937,Printer,1,438.34,281 Main St,Gift Card,Returned,TRK46990083,5,FREESHIP,Facebook,438.34,May,2025
ORD200784,2025-05-16,C21191,Laptop,1,325.81,232 Main St,Credit Card,Pending,TRK85771230,1,WINTER15,Referral,325.81,May,2025
ORD200785,2023-07-29,C45862,Chair,1,176.1,342 Main St,Credit Card,Pending,TRK53089983,1,SAVE10,Instagram,176.1,July,2023
ORD200788,2023-11-02,C47307,Chair,2,601.43,761 Main St,Online,Pending,TRK43516112,5,FREESHIP,Instagram,1202.86,November,2023
ORD200789,2023-08-17,C57276,Tablet,5,691.28,183 Main St,Online,Delivered,TRK75899752,10,SAVE10,Email,3456.4,August,2023
ORD200792,2023-06-16,C41709,Desk,2,356.35,746 Main St,Debit Card,Returned,TRK90995294,6,WINTER15,Facebook,712.7,June,2023
ORD200794,2023-03-09,C76653,Printer,4,384.85,988 Main St,Online,Delivered,TRK77052196,9,FREESHIP,Instagram,1539.4,March,2023
ORD200795,2024-11-20,C95667,Laptop,4,115.77,586 Main St,Online,Pending,TRK41266666,7,SAVE10,Instagram,463.08,November,2024
ORD200796,2025-04-29,C33313,Phone,3,579.55,882 Main St,Gift Card,Returned,TRK13349970,8,WINTER15,Facebook,1738.65,April,2025
ORD200798,2025-05-19,C20861,Phone,5,488.35,968 Main St,Debit Card,Returned,TRK89372013,9,FREESHIP,Email,2441.75,May,2025
ORD200799,2023-04-16,C26364,Laptop,4,328.56,803 Main St,Debit Card,Returned,TRK78924436,4,FREESHIP,Email,1314.24,April,2023
ORD200800,2025-03-28,C34686,Tablet,1,68.39,412 Main St,Online,Returned,TRK99468332,3,WINTER15,Facebook,68.39,March,2025
ORD200801,2023-05-03,C97593,Printer,4,595.62,738 Main St,Debit Card,Pending,TRK58443593,8,FREESHIP,Facebook,2382.48,May,2023
ORD200802,2024-02-17,C84331,Chair,5,644.64,205 Main St,Gift Card,Cancelled,TRK34440714,6,FREESHIP,Email,3223.2,February,2024
ORD200803,2023-08-20,C88775,Monitor,5,397.81,223 Main St,Debit Card,Returned,TRK45098068,5,SAVE10,Referral,1989.05,August,2023
ORD200804,2024-01-01,C76362,Chair,3,236.5,916 Main St,Online,Delivered,TRK11868618,8,FREESHIP,Email,709.5,January,2024
ORD200805,2024-10-15,C59278,Laptop,5,472.01,178 Main St,Gift Card,Cancelled,TRK14590037,10,SAVE10,Email,2360.05,October,2024
ORD200806,2023-09-01,C55819,Chair,5,253.75,740 Main St,Online,Pending,TRK13775054,9,WINTER15,Instagram,1268.75,September,2023
ORD200807,2024-11-10,C82344,Monitor,3,676.21,260 Main St,Online,Delivered,TRK70957219,5,SAVE10,Google,2028.63,November,2024
ORD200809,2024-04-09,C80416,Desk,5,217.43,752 Main St,Debit Card,Shipped,TRK54385892,10,SAVE10,Instagram,1087.15,April,2024
ORD200811,2023-11-05,C24769,Laptop,2,28.55,864 Main St,Gift Card,Shipped,TRK44538305,7,SAVE10,Email,57.1,November,2023
ORD200812,2024-01-26,C81547,Phone,2,255.26,803 Main St,Credit Card,Cancelled,TRK88437123,6,FREESHIP,Google,510.52,January,2024
ORD200813,2025-03-15,C12813,Laptop,5,292.54,263 Main St,Debit Card,Cancelled,TRK36131660,8,FREESHIP,Email,1462.7,March,2025
ORD200814,2024-12-11,C50732,Chair,4,147.51,979 Main St,Debit Card,Pending,TRK21082461,4,WINTER15,Instagram,590.04,December,2024
ORD200815,2024-08-04,C41320,Printer,3,569.84,920 Main St,Gift Card,Cancelled,TRK77539180,8,WINTER15,Instagram,1709.52,August,2024
ORD200816,2024-02-21,C55286,Tablet,5,574.79,497 Main St,Credit Card,Pending,TRK39058734,8,WINTER15,Referral,2873.95,February,2024
ORD200817,2023-10-05,C87994,Chair,4,598.19,430 Main St,Credit Card,Delivered,TRK98883971,7,WINTER15,Email,2392.76,October,2023
ORD200818,2023-03-02,C25580,Phone,4,390.84,860 Main St,Credit Card,Cancelled,TRK58781638,9,WINTER15,Referral,1563.36,March,2023
ORD200819,2024-09-28,C66196,Phone,2,398.45,650 Main St,Debit Card,Cancelled,TRK38104650,7,SAVE10,Google,796.9,September,2024
ORD200820,2023-05-27,C35377,Phone,5,623.81,171 Main St,Cash,Returned,TRK17342157,6,FREESHIP,Email,3119.05,May,2023
ORD200821,2024-12-14,C40771,Laptop,4,174.49,259 Main St,Credit Card,Delivered,TRK56310345,5,SAVE10,Facebook,697.96,December,2024
ORD200822,2025-03-15,C20624,Phone,1,479.56,923 Main St,Gift Card,Returned,TRK45123395,1,SAVE10,Google,479.56,March,2025
ORD200823,2024-10-07,C27070,Laptop,4,653.13,973 Main St,Credit Card,Shipped,TRK83842481,8,WINTER15,Instagram,2612.52,October,2024
ORD200824,2023-08-29,C18826,Monitor,3,481.1,664 Main St,Credit Card,Returned,TRK12530495,3,FREESHIP,Facebook,1443.3,August,2023
ORD200825,2025-03-26,C23899,Desk,5,271.69,543 Main St,Online,Returned,TRK88914760,7,FREESHIP,Instagram,1358.45,March,2025
ORD200826,2025-03-08,C43249,Printer,3,463.81,283 Main St,Online,Returned,TRK32469820,8,WINTER15,Email,1391.43,March,2025
ORD200827,2023-05-25,C95856,Tablet,2,639.88,432 Main St,Cash,Delivered,TRK58829625,5,WINTER15,Instagram,1279.76,May,2023
ORD200828,2024-07-24,C86266,Chair,4,404.58,510 Main St,Cash,Shipped,TRK64576020,5,FREESHIP,Instagram,1618.32,July,2024
ORD200829,2023-02-05,C39551,Monitor,1,76.93,685 Main St,Debit Card,Delivered,TRK68358007,6,WINTER15,Instagram,76.93,February,2023
ORD200830,2024-12-11,C90310,Tablet,4,190.64,853 Main St,Cash,Delivered,TRK70028457,5,SAVE10,Email,762.56,December,2024
ORD200832,2024-03-12,C63372,Chair,5,485.71,903 Main St,Online,Pending,TRK14661811,10,SAVE10,Referral,2428.55,March,2024
ORD200833,2025-03-14,C90595,Phone,5,78.29,508 Main St,Credit Card,Shipped,TRK96573803,5,WINTER15,Referral,391.45,March,2025
ORD200835,2024-03-26,C16429,Desk,1,679.65,390 Main St,Debit Card,Shipped,TRK73888013,6,FREESHIP,Google,679.65,March,2024
ORD200836,2023-02-02,C31810,Phone,1,178.44,328 Main St,Credit Card,Cancelled,TRK58725886,2,FREESHIP,Google,178.44,February,2023
ORD200840,2024-01-14,C60699,Chair,3,411.95,672 Main St,Credit Card,Delivered,TRK88660574,7,FREESHIP,Referral,1235.85,January,2024
ORD200842,2025-05-07,C78305,Laptop,3,364.14,396 Main St,Online,Pending,TRK88312618,7,WINTER15,Referral,1092.42,May,2025
ORD200843,2025-05-13,C43538,Desk,3,430.06,534 Main St,Gift Card,Cancelled,TRK20961563,8,FREESHIP,Instagram,1290.18,May,2025
ORD200844,2024-12-04,C47486,Chair,1,320.92,883 Main St,Online,Returned,TRK75984759,5,FREESHIP,Facebook,320.92,December,2024
ORD200845,2023-10-08,C24212,Phone,3,107.36,808 Main St,Gift Card,Delivered,TRK68894675,5,FREESHIP,Google,322.08,October,2023
ORD200847,2024-11-18,C48176,Printer,4,434.23,670 Main St,Online,Shipped,TRK90560300,8,FREESHIP,Email,1736.92,November,2024
ORD200849,2025-06-09,C16675,Printer,4,214.35,664 Main St,Debit Card,Cancelled,TRK12756945,7,WINTER15,Referral,857.4,June,2025
ORD200850,2025-04-27,C38557,Monitor,3,638.5,890 Main St,Debit Card,Cancelled,TRK14832238,4,FREESHIP,Instagram,1915.5,April,2025
ORD200851,2023-12-12,C80183,Laptop,1,365.57,146 Main St,Online,Cancelled,TRK20814598,5,SAVE10,Email,365.57,December,2023
ORD200852,2024-10-24,C39530,Desk,3,568.05,618 Main St,Gift Card,Pending,TRK69000497,6,SAVE10,Google,1704.15,October,2024
ORD200853,2023-10-16,C10002,Printer,3,490.01,894 Main St,Cash,Returned,TRK94641152,4,SAVE10,Facebook,1470.03,October,2023
ORD200854,2025-06-13,C56938,Laptop,3,372.6,356 Main St,Credit Card,Delivered,TRK67735987,7,WINTER15,Referral,1117.8,June,2025
ORD200855,2023-05-25,C41331,Monitor,5,240.61,785 Main St,Credit Card,Shipped,TRK94198179,10,FREESHIP,Email,1203.05,May,2023
ORD200859,2024-08-28,C11127,Chair,5,261.33,154 Main St,Credit Card,Returned,TRK73285507,5,SAVE10,Referral,1306.65,August,2024
ORD200860,2024-01-23,C69542,Printer,1,422.54,876 Main St,Cash,Delivered,TRK20746505,1,SAVE10,Google,422.54,January,2024
ORD200861,2023-03-19,C93276,Desk,5,330.45,230 Main St,Gift Card,Shipped,TRK44165913,10,FREESHIP,Google,1652.25,March,2023
ORD200862,2023-12-02,C37969,Desk,3,120.82,799 Main St,Credit Card,Shipped,TRK69852386,5,SAVE10,Referral,362.46,December,2023
ORD200863,2024-05-20,C98276,Phone,1,14.06,471 Main St,Credit Card,Pending,TRK74207282,5,SAVE10,Referral,14.06,May,2024
ORD200864,2023-05-03,C14240,Desk,1,491.11,592 Main St,Credit Card,Delivered,TRK58095246,4,SAVE10,Facebook,491.11,May,2023
ORD200865,2023-04-30,C72241,Monitor,4,677.37,156 Main St,Cash,Pending,TRK76270481,8,SAVE10,Google,2709.48,April,2023
ORD200866,2024-07-26,C39664,Desk,5,189.25,693 Main St,Debit Card,Cancelled,TRK39917741,10,WINTER15,Email,946.25,July,2024
ORD200867,2024-05-26,C53252,Printer,4,142.58,351 Main St,Cash,Delivered,TRK65831261,4,FREESHIP,Facebook,570.32,May,2024
ORD200869,2024-03-17,C29905,Desk,2,533.95,790 Main St,Online,Delivered,TRK16788127,5,WINTER15,Google,1067.9,March,2024
ORD200870,2025-06-01,C78725,Phone,4,470.09,541 Main St,Debit Card,Delivered,TRK72001139,4,FREESHIP,Google,1880.36,June,2025
ORD200871,2024-05-16,C93768,Tablet,3,324.3,720 Main St,Debit Card,Pending,TRK22024707,8,FREESHIP,Email,972.9,May,2024
ORD200873,2024-05-12,C53488,Desk,3,136.84,448 Main St,Cash,Delivered,TRK27365050,3,SAVE10,Facebook,410.52,May,2024
ORD200874,2023-10-31,C92180,Chair,2,488.9,632 Main St,Cash,Delivered,TRK93315929,7,FREESHIP,Facebook,977.8,October,2023
ORD200875,2023-08-03,C25918,Laptop,5,133.39,203 Main St,Credit Card,Delivered,TRK66473392,6,FREESHIP,Referral,666.95,August,2023
ORD200876,2024-06-09,C90363,Chair,5,608.91,200 Main St,Gift Card,Pending,TRK21534173,6,SAVE10,Google,3044.55,June,2024
ORD200877,2024-07-25,C43867,Tablet,1,524.06,269 Main St,Debit Card,Pending,TRK97319127,3,FREESHIP,Email,524.06,July,2024
ORD200878,2023-06-01,C73873,Desk,2,330.69,393 Main St,Online,Cancelled,TRK56423132,5,SAVE10,Google,661.38,June,2023
ORD200880,2025-03-12,C85074,Laptop,4,233.7,506 Main St,Online,Shipped,TRK63133878,8,SAVE10,Facebook,934.8,March,2025
ORD200882,2025-06-28,C43335,Phone,2,274.12,533 Main St,Cash,Delivered,TRK91848650,6,FREESHIP,Referral,548.24,June,2025
ORD200883,2025-05-13,C43595,Printer,5,561.48,451 Main St,Online,Delivered,TRK25317348,9,FREESHIP,Facebook,2807.4,May,2025
ORD200885,2024-04-07,C61090,Laptop,4,515.59,387 Main St,Credit Card,Shipped,TRK36388962,7,FREESHIP,Google,2062.36,April,2024
ORD200889,2024-10-27,C36725,Monitor,5,650.72,350 Main St,Credit Card,Cancelled,TRK16808790,8,WINTER15,Email,3253.6,October,2024
ORD200891,2023-11-11,C36534,Monitor,3,654.54,918 Main St,Cash,Returned,TRK38952138,7,SAVE10,Referral,1963.62,November,2023
ORD200892,2024-06-04,C72043,Desk,1,394.53,480 Main St,Cash,Shipped,TRK40896408,2,FREESHIP,Referral,394.53,June,2024
ORD200893,2023-03-21,C99533,Monitor,1,678.01,696 Main St,Cash,Pending,TRK55701253,4,FREESHIP,Referral,678.01,March,2023
ORD200894,2023-05-23,C90852,Tablet,3,575.01,852 Main St,Online,Cancelled,TRK37551831,8,WINTER15,Instagram,1725.03,May,2023
ORD200895,2023-11-09,C81882,Chair,3,154.64,832 Main St,Debit Card,Pending,TRK62371264,6,WINTER15,Facebook,463.92,November,2023
ORD200896,2024-10-18,C85466,Desk,3,147.29,102 Main St,Gift Card,Shipped,TRK66764177,3,FREESHIP,Google,441.87,October,2024
ORD200897,2024-09-03,C87995,Laptop,4,481.48,358 Main St,Gift Card,Delivered,TRK38730545,5,SAVE10,Instagram,1925.92,September,2024
ORD200899,2025-04-23,C99904,Printer,2,323.37,552 Main St,Online,Pending,TRK83843411,3,SAVE10,Instagram,646.74,April,2025
ORD200901,2024-04-28,C44277,Tablet,1,458.63,839 Main St,Debit Card,Returned,TRK79321479,4,WINTER15,Referral,458.63,April,2024
ORD200904,2025-02-05,C16693,Monitor,4,237.43,262 Main St,Cash,Cancelled,TRK41146508,8,WINTER15,Referral,949.72,February,2025
ORD200905,2023-11-23,C67818,Laptop,1,442.39,101 Main St,Gift Card,Pending,TRK81978113,6,FREESHIP,Facebook,442.39,November,2023
ORD200907,2024-08-04,C90898,Desk,5,298.39,583 Main St,Gift Card,Cancelled,TRK52935170,7,WINTER15,Referral,1491.95,August,2024
ORD200908,2025-05-06,C35117,Desk,2,697.93,332 Main St,Credit Card,Cancelled,TRK27155709,2,SAVE10,Google,1395.86,May,2025
ORD200909,2024-05-27,C60203,Tablet,2,291.85,569 Main St,Cash,Shipped,TRK76525279,5,FREESHIP,Instagram,583.7,May,2024
ORD200910,2024-05-31,C36174,Printer,3,308.98,348 Main St,Cash,Delivered,TRK26397548,3,SAVE10,Instagram,926.94,May,2024
ORD200911,2024-08-13,C80872,Desk,5,396.86,593 Main St,Cash,Cancelled,TRK43967487,9,SAVE10,Instagram,1984.3,August,2024
ORD200912,2024-01-22,C67604,Desk,2,139.69,318 Main St,Online,Returned,TRK85545920,7,FREESHIP,Email,279.38,January,2024
ORD200913,2023-02-16,C45599,Printer,5,475.95,505 Main St,Credit Card,Returned,TRK62277685,8,WINTER15,Facebook,2379.75,February,2023
ORD200914,2025-02-10,C70352,Desk,1,626.6,955 Main St,Gift Card,Returned,TRK51589589,4,WINTER15,Facebook,626.6,February,2025
ORD200915,2024-02-16,C20643,Laptop,4,502.99,939 Main St,Debit Card,Shipped,TRK30736692,4,WINTER15,Referral,2011.96,February,2024
ORD200917,2025-01-20,C65524,Laptop,5,383.82,836 Main St,Credit Card,Returned,TRK19315310,7,FREESHIP,Google,1919.1,January,2025
ORD200919,2025-02-07,C92086,Printer,2,374.6,187 Main St,Online,Shipped,TRK23357668,3,FREESHIP,Referral,749.2,February,2025
ORD200921,2023-07-24,C90573,Tablet,1,438.93,144 Main St,Gift Card,Cancelled,TRK90075720,3,SAVE10,Referral,438.93,July,2023
ORD200923,2023-02-11,C91582,Printer,3,649.93,836 Main St,Credit Card,Pending,TRK99938245,7,WINTER15,Facebook,1949.79,February,2023
ORD200924,2025-03-22,C81319,Printer,5,268.43,991 Main St,Cash,Returned,TRK55330558,5,SAVE10,Email,1342.15,March,2025
ORD200925,2024-12-20,C78500,Monitor,5,502.47,304 Main St,Online,Shipped,TRK97460884,10,WINTER15,Email,2512.35,December,2024
ORD200926,2024-03-20,C67533,Desk,1,26.95,672 Main St,Cash,Delivered,TRK14566395,1,WINTER15,Email,26.95,March,2024
ORD200927,2023-02-14,C35566,Laptop,4,64.69,638 Main St,Debit Card,Shipped,TRK10003020,7,WINTER15,Google,258.76,February,2023
ORD200928,2024-05-09,C77166,Laptop,3,247.11,821 Main St,Debit Card,Returned,TRK18896595,3,WINTER15,Referral,741.33,May,2024
ORD200930,2024-12-16,C59554,Phone,2,456.04,382 Main St,Debit Card,Returned,TRK28182447,4,FREESHIP,Email,912.08,December,2024
ORD200931,2024-01-01,C14005,Printer,2,40.23,623 Main St,Credit Card,Cancelled,TRK87567926,4,SAVE10,Google,80.46,January,2024
ORD200932,2023-03-26,C26118,Laptop,2,72.39,168 Main St,Online,Delivered,TRK15334251,7,WINTER15,Instagram,144.78,March,2023
ORD200934,2025-06-01,C40304,Laptop,4,119.84,692 Main St,Gift Card,Shipped,TRK85790948,8,FREESHIP,Referral,479.36,June,2025
ORD200935,2023-11-24,C39593,Phone,3,692.71,398 Main St,Credit Card,Delivered,TRK62405253,3,FREESHIP,Instagram,2078.13,November,2023
ORD200936,2024-01-12,C50612,Chair,4,56.66,737 Main St,Online,Delivered,TRK44140968,4,SAVE10,Instagram,226.64,January,2024
ORD200937,2024-01-16,C39791,Chair,2,298.53,536 Main St,Debit Card,Cancelled,TRK46221436,5,WINTER15,Email,597.06,January,2024
ORD200938,2023-07-12,C39017,Chair,3,331.46,696 Main St,Credit Card,Cancelled,TRK91155214,6,WINTER15,Referral,994.38,July,2023
ORD200939,2025-04-16,C48510,Laptop,2,521.4,212 Main St,Cash,Delivered,TRK53152886,7,SAVE10,Instagram,1042.8,April,2025
ORD200940,2023-03-27,C74003,Printer,4,305.32,679 Main St,Online,Cancelled,TRK91525779,4,SAVE10,Google,1221.28,March,2023
ORD200941,2023-07-17,C91155,Printer,5,111.7,599 Main St,Credit Card,Cancelled,TRK82162952,9,FREESHIP,Email,558.5,July,2023
ORD200943,2023-12-27,C43330,Monitor,3,193.49,355 Main St,Gift Card,Returned,TRK71594838,6,FREESHIP,Facebook,580.47,December,2023
ORD200944,2024-12-16,C32687,Laptop,2,426.22,448 Main St,Online,Delivered,TRK98284560,7,WINTER15,Google,852.44,December,2024
ORD200945,2023-08-20,C79722,Tablet,5,276.44,619 Main St,Gift Card,Shipped,TRK29976438,10,FREESHIP,Referral,1382.2,August,2023
ORD200946,2024-05-04,C65021,Phone,2,404.96,546 Main St,Cash,Shipped,TRK20626179,4,SAVE10,Email,809.92,May,2024
ORD200947,2023-09-07,C85520,Phone,4,465.66,119 Main St,Online,Returned,TRK65994177,9,FREESHIP,Email,1862.64,September,2023
ORD200950,2024-05-31,C19722,Laptop,1,596.24,891 Main St,Credit Card,Returned,TRK78094361,4,FREESHIP,Instagram,596.24,May,2024
ORD200951,2024-07-22,C74928,Printer,2,306.24,589 Main St,Online,Returned,TRK39845914,4,FREESHIP,Email,612.48,July,2024
ORD200953,2023-02-06,C43721,Phone,1,131.61,971 Main St,Cash,Shipped,TRK89392104,2,FREESHIP,Facebook,131.61,February,2023
ORD200954,2024-10-22,C68609,Chair,3,443.44,240 Main St,Gift Card,Shipped,TRK58273778,3,FREESHIP,Google,1330.32,October,2024
ORD200955,2023-01-23,C82068,Chair,1,408.13,164 Main St,Gift Card,Shipped,TRK25779180,3,WINTER15,Instagram,408.13,January,2023
ORD200956,2024-04-11,C21191,Phone,2,160.98,381 Main St,Debit Card,Delivered,TRK86246309,3,SAVE10,Referral,321.96,April,2024
ORD200957,2023-01-12,C73575,Monitor,5,643.89,851 Main St,Cash,Returned,TRK23387612,8,WINTER15,Facebook,3219.45,January,2023
ORD200958,2023-05-13,C82685,Desk,3,158.66,537 Main St,Gift Card,Delivered,TRK70184320,7,WINTER15,Email,475.98,May,2023
ORD200959,2024-04-13,C73996,Tablet,2,143.82,856 Main St,Credit Card,Returned,TRK74579570,6,SAVE10,Instagram,287.64,April,2024
ORD200960,2023-12-11,C87687,Laptop,3,379.07,312 Main St,Gift Card,Pending,TRK60383805,3,WINTER15,Google,1137.21,December,2023
ORD200962,2024-09-06,C12459,Phone,2,142.08,838 Main St,Gift Card,Delivered,TRK30674085,4,SAVE10,Referral,284.16,September,2024
ORD200963,2024-03-11,C88075,Chair,5,530.34,970 Main St,Online,Shipped,TRK42832976,9,FREESHIP,Google,2651.7,March,2024
ORD200964,2023-08-20,C18583,Phone,5,364.42,778 Main St,Credit Card,Cancelled,TRK43084595,10,SAVE10,Referral,1822.1,August,2023
ORD200965,2025-06-18,C70412,Laptop,4,578.28,791 Main St,Gift Card,Cancelled,TRK22192783,5,FREESHIP,Email,2313.12,June,2025
ORD200966,2025-05-20,C58503,Monitor,5,280.52,290 Main St,Credit Card,Cancelled,TRK12981657,7,WINTER15,Facebook,1402.6,May,2025
ORD200967,2025-05-06,C52879,Tablet,5,638.92,502 Main St,Credit Card,Returned,TRK67403284,5,FREESHIP,Google,3194.6,May,2025
ORD200968,2024-02-08,C67870,Monitor,4,412.2,664 Main St,Credit Card,Shipped,TRK72602178,6,WINTER15,Referral,1648.8,February,2024
ORD200969,2025-06-05,C19439,Desk,1,440.34,675 Main St,Gift Card,Shipped,TRK25383993,2,WINTER15,Facebook,440.34,June,2025
ORD200970,2024-09-07,C72664,Desk,1,627.15,241 Main St,Cash,Delivered,TRK86694331,5,SAVE10,Instagram,627.15,September,2024
ORD200971,2024-05-27,C32650,Monitor,2,605.26,934 Main St,Cash,Cancelled,TRK66648743,4,WINTER15,Referral,1210.52,May,2024
ORD200972,2024-06-09,C66438,Laptop,1,90.27,816 Main St,Cash,Delivered,TRK32035271,5,SAVE10,Facebook,90.27,June,2024
ORD200973,2025-06-09,C70010,Desk,5,230.77,141 Main St,Online,Pending,TRK50594008,10,WINTER15,Referral,1153.85,June,2025
ORD200975,2023-05-18,C70529,Desk,1,105.92,974 Main St,Gift Card,Returned,TRK82165408,6,SAVE10,Email,105.92,May,2023
ORD200976,2024-04-04,C18984,Tablet,3,589.3,650 Main St,Credit Card,Returned,TRK49298239,6,WINTER15,Referral,1767.9,April,2024
ORD200977,2023-01-28,C85841,Chair,4,649.47,608 Main St,Cash,Pending,TRK99820544,8,SAVE10,Google,2597.88,January,2023
ORD200979,2023-05-31,C75018,Monitor,3,669.06,299 Main St,Cash,Delivered,TRK51794806,7,SAVE10,Facebook,2007.18,May,2023
ORD200980,2023-10-14,C84320,Chair,3,69.65,107 Main St,Cash,Delivered,TRK81093218,7,WINTER15,Instagram,208.95,October,2023
ORD200981,2023-11-26,C12609,Phone,4,136.83,490 Main St,Debit Card,Pending,TRK56379337,8,SAVE10,Email,547.32,November,2023
ORD200982,2024-09-06,C64935,Monitor,1,304.11,707 Main St,Gift Card,Shipped,TRK42969065,2,SAVE10,Referral,304.11,September,2024
ORD200983,2024-11-24,C67528,Monitor,4,296.28,110 Main St,Gift Card,Shipped,TRK60865210,5,SAVE10,Email,1185.12,November,2024
ORD200984,2025-02-28,C44176,Desk,1,77.64,706 Main St,Credit Card,Shipped,TRK68704764,1,FREESHIP,Facebook,77.64,February,2025
ORD200985,2024-07-20,C92788,Desk,1,243.71,948 Main St,Gift Card,Delivered,TRK83835361,6,SAVE10,Google,243.71,July,2024
ORD200986,2024-09-07,C69213,Laptop,4,644.96,533 Main St,Credit Card,Pending,TRK67837331,7,FREESHIP,Email,2579.84,September,2024
ORD200987,2025-06-05,C67387,Phone,5,283.73,436 Main St,Gift Card,Pending,TRK54120003,8,FREESHIP,Instagram,1418.65,June,2025
ORD200988,2025-02-04,C90318,Desk,2,629.56,818 Main St,Gift Card,Cancelled,TRK52765043,5,WINTER15,Instagram,1259.12,February,2025
ORD200989,2023-03-23,C49995,Laptop,4,246.11,559 Main St,Credit Card,Pending,TRK33212013,4,SAVE10,Instagram,984.44,March,2023
ORD200990,2023-11-19,C52313,Phone,2,418.26,913 Main St,Debit Card,Pending,TRK67368559,2,SAVE10,Google,836.52,November,2023
ORD200991,2024-05-09,C10211,Desk,5,127.18,598 Main St,Debit Card,Cancelled,TRK68938335,10,FREESHIP,Google,635.9,May,2024
ORD200992,2024-08-27,C97907,Printer,3,586.21,933 Main St,Gift Card,Pending,TRK89637569,4,WINTER15,Referral,1758.63,August,2024
ORD200993,2024-04-06,C61384,Monitor,3,267.45,576 Main St,Gift Card,Delivered,TRK33323210,5,WINTER15,Instagram,802.35,April,2024
ORD200994,2024-06-27,C27613,Tablet,4,615.65,971 Main St,Debit Card,Delivered,TRK63701318,9,WINTER15,Google,2462.6,June,2024
ORD200995,2023-11-18,C99271,Monitor,2,113.29,959 Main St,Cash,Pending,TRK87832736,5,SAVE10,Facebook,226.58,November,2023
ORD200996,2024-04-28,C28648,Monitor,4,473.86,101 Main St,Debit Card,Delivered,TRK92240846,7,SAVE10,Facebook,1895.44,April,2024
ORD200997,2023-11-27,C26210,Laptop,3,444.75,805 Main St,Cash,Delivered,TRK40616861,6,SAVE10,Facebook,1334.25,November,2023
ORD200998,2023-05-19,C90350,Phone,2,183.67,783 Main St,Debit Card,Cancelled,TRK22824230,6,SAVE10,Google,367.34,May,2023
ORD200999,2023-12-24,C61957,Printer,1,483.38,652 Main St,Cash,Pending,TRK43983841,6,FREESHIP,Google,483.38,December,2023
ORD201000,2023-06-21,C90132,Printer,5,260.93,582 Main St,Online,Delivered,TRK52664903,9,SAVE10,Email,1304.65,June,2023
ORD201002,2025-06-19,C83911,Tablet,4,699.88,944 Main St,Cash,Pending,TRK33188106,5,WINTER15,Referral,2799.52,June,2025
ORD201003,2023-01-11,C84700,Printer,5,319.97,582 Main St,Cash,Shipped,TRK14706969,7,SAVE10,Google,1599.85,January,2023
ORD201004,2025-06-09,C87529,Chair,4,246.91,296 Main St,Online,Pending,TRK15739505,8,SAVE10,Referral,987.64,June,2025
ORD201006,2024-05-27,C27435,Tablet,5,420.98,860 Main St,Cash,Delivered,TRK91458233,7,SAVE10,Facebook,2104.9,May,2024
ORD201007,2024-03-20,C46651,Monitor,2,73.26,839 Main St,Cash,Pending,TRK60444502,4,WINTER15,Facebook,146.52,March,2024
ORD201008,2023-01-13,C62557,Monitor,3,410.88,257 Main St,Cash,Delivered,TRK12742366,8,FREESHIP,Instagram,1232.64,January,2023
ORD201009,2023-09-02,C54494,Tablet,2,176.46,696 Main St,Credit Card,Delivered,TRK95958645,2,FREESHIP,Email,352.92,September,2023
ORD201010,2023-03-31,C33729,Monitor,3,659.57,533 Main St,Credit Card,Cancelled,TRK35649833,6,SAVE10,Email,1978.71,March,2023
ORD201013,2025-04-26,C91123,Laptop,4,300.56,842 Main St,Cash,Cancelled,TRK49568409,9,FREESHIP,Facebook,1202.24,April,2025
ORD201014,2024-02-04,C92548,Tablet,5,226.45,160 Main St,Debit Card,Returned,TRK21682892,6,FREESHIP,Email,1132.25,February,2024
ORD201015,2024-01-26,C97454,Printer,2,349.4,892 Main St,Online,Shipped,TRK73249329,2,SAVE10,Instagram,698.8,January,2024
ORD201016,2023-12-29,C20257,Tablet,5,268.78,669 Main St,Debit Card,Delivered,TRK62135578,7,WINTER15,Email,1343.9,December,2023
ORD201017,2024-08-25,C51694,Chair,2,680.85,953 Main St,Gift Card,Delivered,TRK83122112,6,FREESHIP,Referral,1361.7,August,2024
ORD201019,2024-04-06,C28386,Desk,1,277.09,293 Main St,Cash,Returned,TRK32954229,2,SAVE10,Referral,277.09,April,2024
ORD201020,2024-04-22,C50211,Tablet,2,26.5,312 Main St,Online,Delivered,TRK47787981,3,SAVE10,Instagram,53.0,April,2024
ORD201021,2023-10-23,C74519,Phone,3,315.27,309 Main St,Credit Card,Cancelled,TRK97351945,4,SAVE10,Email,945.81,October,2023
ORD201022,2025-02-24,C19071,Tablet,3,450.98,396 Main St,Credit Card,Shipped,TRK66537096,8,SAVE10,Referral,1352.94,February,2025
ORD201024,2024-01-29,C90612,Chair,3,367.75,731 Main St,Cash,Pending,TRK93022878,7,FREESHIP,Facebook,1103.25,January,2024
ORD201025,2025-05-17,C28406,Chair,1,23.53,174 Main St,Gift Card,Delivered,TRK98841457,2,FREESHIP,Instagram,23.53,May,2025
ORD201026,2023-05-01,C55454,Monitor,1,677.48,807 Main St,Online,Delivered,TRK13281370,1,WINTER15,Facebook,677.48,May,2023
ORD201029,2025-03-01,C44733,Desk,1,87.06,851 Main St,Credit Card,Shipped,TRK41500198,4,FREESHIP,Email,87.06,March,2025
ORD201030,2023-10-02,C61773,Phone,4,245.28,176 Main St,Credit Card,Delivered,TRK12936357,6,WINTER15,Email,981.12,October,2023
ORD201031,2023-02-28,C59183,Phone,5,664.51,136 Main St,Debit Card,Pending,TRK18129706,8,SAVE10,Email,3322.55,February,2023
ORD201032,2023-04-20,C26188,Chair,1,618.68,990 Main St,Online,Delivered,TRK61634201,6,WINTER15,Referral,618.68,April,2023
ORD201033,2024-12-24,C20338,Monitor,1,370.85,331 Main St,Gift Card,Delivered,TRK30654048,2,FREESHIP,Referral,370.85,December,2024
ORD201034,2024-06-16,C84524,Printer,4,517.98,766 Main St,Cash,Cancelled,TRK76751888,8,FREESHIP,Facebook,2071.92,June,2024
ORD201036,2024-05-31,C98278,Phone,3,413.83,552 Main St,Gift Card,Shipped,TRK49684737,8,SAVE10,Facebook,1241.49,May,2024
ORD201037,2023-12-13,C32347,Printer,1,249.81,408 Main St,Cash,Pending,TRK54073964,1,SAVE10,Google,249.81,December,2023
ORD201039,2025-06-28,C49137,Desk,2,299.23,177 Main St,Credit Card,Cancelled,TRK79362428,2,WINTER15,Instagram,598.46,June,2025
ORD201040,2023-11-15,C13169,Tablet,1,536.07,932 Main St,Debit Card,Delivered,TRK66288666,5,FREESHIP,Google,536.07,November,2023
ORD201041,2023-02-11,C21167,Monitor,4,558.9,948 Main St,Gift Card,Shipped,TRK97737564,9,WINTER15,Google,2235.6,February,2023
ORD201042,2024-12-09,C59724,Tablet,2,409.75,414 Main St,Debit Card,Shipped,TRK67878272,2,WINTER15,Facebook,819.5,December,2024
ORD201044,2025-06-22,C63018,Printer,1,38.49,215 Main St,Credit Card,Delivered,TRK52335337,4,FREESHIP,Referral,38.49,June,2025
ORD201046,2024-10-07,C85421,Tablet,3,547.15,466 Main St,Online,Shipped,TRK16524006,4,WINTER15,Instagram,1641.45,October,2024
ORD201047,2023-06-23,C81726,Chair,4,540.34,394 Main St,Gift Card,Shipped,TRK69872994,6,WINTER15,Referral,2161.36,June,2023
ORD201051,2025-03-05,C35043,Monitor,5,26.43,820 Main St,Gift Card,Shipped,TRK65097450,5,FREESHIP,Facebook,132.15,March,2025
ORD201052,2023-09-11,C12301,Tablet,1,531.74,493 Main St,Online,Shipped,TRK25145796,1,WINTER15,Google,531.74,September,2023
ORD201053,2024-09-15,C32798,Phone,2,496.62,679 Main St,Online,Pending,TRK37375451,2,SAVE10,Instagram,993.24,September,2024
ORD201054,2023-11-29,C42949,Printer,1,660.66,447 Main St,Debit Card,Delivered,TRK46415143,3,WINTER15,Instagram,660.66,November,2023
ORD201055,2023-10-23,C10787,Monitor,4,274.82,932 Main St,Debit Card,Delivered,TRK91512567,9,WINTER15,Email,1099.28,October,2023
ORD201056,2024-06-14,C26152,Phone,2,486.35,790 Main St,Online,Pending,TRK49382455,6,SAVE10,Referral,972.7,June,2024
ORD201057,2024-09-24,C46210,Laptop,3,428.88,535 Main St,Debit Card,Shipped,TRK81611937,3,WINTER15,Facebook,1286.64,September,2024
ORD201058,2023-09-08,C32943,Desk,2,412.14,127 Main St,Credit Card,Returned,TRK26949106,2,FREESHIP,Instagram,824.28,September,2023
ORD201059,2024-09-22,C73629,Desk,1,265.64,601 Main St,Credit Card,Returned,TRK11492924,3,WINTER15,Instagram,265.64,September,2024
ORD201060,2024-05-07,C38024,Tablet,2,273.43,824 Main St,Cash,Shipped,TRK93370912,7,WINTER15,Referral,546.86,May,2024
ORD201061,2025-01-29,C25445,Laptop,5,131.7,830 Main St,Cash,Shipped,TRK12402431,8,FREESHIP,Google,658.5,January,2025
ORD201063,2024-06-19,C42108,Desk,2,320.68,336 Main St,Credit Card,Shipped,TRK58407918,5,FREESHIP,Referral,641.36,June,2024
ORD201064,2025-02-12,C32121,Laptop,4,198.81,654 Main St,Cash,Returned,TRK96074264,9,FREESHIP,Referral,795.24,February,2025
ORD201065,2023-10-30,C47778,Printer,5,666.8,488 Main St,Debit Card,Delivered,TRK79504329,7,SAVE10,Referral,3334.0,October,2023
ORD201066,2023-12-20,C10791,Desk,1,355.09,674 Main St,Debit Card,Cancelled,TRK20321248,5,SAVE10,Instagram,355.09,December,2023
ORD201068,2024-08-03,C29914,Laptop,1,133.39,469 Main St,Debit Card,Shipped,TRK22073506,2,SAVE10,Referral,133.39,August,2024
ORD201072,2023-02-26,C88644,Monitor,1,392.61,977 Main St,Gift Card,Cancelled,TRK14900878,4,SAVE10,Referral,392.61,February,2023
ORD201075,2024-08-31,C40949,Monitor,2,552.63,609 Main St,Debit Card,Delivered,TRK43066749,7,WINTER15,Instagram,1105.26,August,2024
ORD201077,2025-03-07,C57861,Printer,3,305.16,115 Main St,Credit Card,Cancelled,TRK47775217,8,SAVE10,Referral,915.48,March,2025
ORD201078,2023-03-18,C62627,Desk,1,41.09,881 Main St,Online,Returned,TRK90060232,4,WINTER15,Email,41.09,March,2023
ORD201081,2023-04-21,C55636,Monitor,4,425.6,494 Main St,Credit Card,Pending,TRK85897054,5,FREESHIP,Google,1702.4,April,2023
ORD201082,2023-10-06,C96595,Chair,3,573.22,177 Main St,Debit Card,Pending,TRK59779174,5,SAVE10,Email,1719.66,October,2023
ORD201083,2024-07-09,C68508,Chair,1,123.28,895 Main St,Credit Card,Delivered,TRK98960285,3,SAVE10,Email,123.28,July,2024
ORD201084,2023-01-08,C45175,Phone,1,70.82,128 Main St,Gift Card,Pending,TRK41792296,1,WINTER15,Instagram,70.82,January,2023
ORD201085,2023-05-21,C28049,Printer,2,646.69,404 Main St,Debit Card,Shipped,TRK91426444,7,WINTER15,Instagram,1293.38,May,2023
ORD201086,2023-12-23,C46967,Tablet,2,513.42,401 Main St,Online,Pending,TRK91439791,5,WINTER15,Instagram,1026.84,December,2023
ORD201087,2025-03-23,C84134,Laptop,4,693.07,530 Main St,Online,Shipped,TRK48659380,8,SAVE10,Instagram,2772.28,March,2025
ORD201088,2023-11-30,C49831,Desk,3,491.43,213 Main St,Gift Card,Shipped,TRK21232601,6,WINTER15,Instagram,1474.29,November,2023
ORD201092,2023-08-21,C38642,Laptop,5,209.2,930 Main St,Debit Card,Delivered,TRK47744396,6,WINTER15,Email,1046.0,August,2023
ORD201093,2023-06-09,C86773,Phone,4,197.36,557 Main St,Gift Card,Returned,TRK22612240,9,FREESHIP,Instagram,789.44,June,2023
ORD201094,2023-06-28,C66093,Printer,4,648.91,615 Main St,Credit Card,Shipped,TRK54950785,6,SAVE10,Instagram,2595.64,June,2023
ORD201095,2024-04-23,C33051,Phone,2,441.54,397 Main St,Online,Delivered,TRK92929755,2,SAVE10,Email,883.08,April,2024
ORD201097,2024-12-26,C81370,Monitor,5,506.45,344 Main St,Gift Card,Shipped,TRK99682998,7,WINTER15,Google,2532.25,December,2024
ORD201099,2024-09-19,C21953,Laptop,2,125.23,272 Main St,Cash,Cancelled,TRK60774796,3,FREESHIP,Email,250.46,September,2024
ORD201100,2023-08-17,C15146,Laptop,5,38.11,428 Main St,Debit Card,Cancelled,TRK79790530,6,WINTER15,Instagram,190.55,August,2023
ORD201101,2025-06-08,C43546,Monitor,3,161.97,904 Main St,Cash,Pending,TRK85871121,4,SAVE10,Email,485.91,June,2025
ORD201105,2024-01-08,C12487,Tablet,3,475.69,884 Main St,Gift Card,Cancelled,TRK23324770,3,FREESHIP,Google,1427.07,January,2024
ORD201106,2023-03-12,C34555,Chair,1,372.8,903 Main St,Cash,Cancelled,TRK72859458,6,SAVE10,Facebook,372.8,March,2023
ORD201107,2025-06-30,C25110,Tablet,2,63.21,282 Main St,Online,Cancelled,TRK80963328,4,SAVE10,Google,126.42,June,2025
ORD201108,2023-03-20,C35136,Laptop,1,634.94,462 Main St,Online,Cancelled,TRK49753703,5,WINTER15,Instagram,634.94,March,2023
ORD201109,2024-04-08,C62277,Printer,4,77.47,474 Main St,Gift Card,Returned,TRK32026174,7,SAVE10,Instagram,309.88,April,2024
ORD201110,2024-02-25,C12472,Chair,3,84.31,912 Main St,Credit Card,Shipped,TRK36103184,3,SAVE10,Email,252.93,February,2024
ORD201111,2023-05-06,C24047,Monitor,4,234.45,362 Main St,Online,Cancelled,TRK91338580,9,FREESHIP,Instagram,937.8,May,2023
ORD201112,2023-10-13,C76929,Desk,1,356.81,563 Main St,Online,Delivered,TRK80694400,1,WINTER15,Instagram,356.81,October,2023
ORD201116,2023-10-14,C69149,Printer,2,531.49,562 Main St,Credit Card,Delivered,TRK61265132,7,WINTER15,Facebook,1062.98,October,2023
ORD201117,2024-05-20,C78684,Chair,3,588.44,858 Main St,Gift Card,Shipped,TRK95779073,8,WINTER15,Google,1765.32,May,2024
ORD201119,2024-11-24,C99024,Laptop,1,684.65,250 Main St,Credit Card,Delivered,TRK24675988,1,FREESHIP,Email,684.65,November,2024
ORD201121,2023-05-28,C98354,Phone,3,50.34,393 Main St,Gift Card,Returned,TRK43070888,3,FREESHIP,Instagram,151.02,May,2023
ORD201123,2023-04-14,C68936,Tablet,3,554.25,843 Main St,Debit Card,Shipped,TRK73163634,6,WINTER15,Referral,1662.75,April,2023
ORD201125,2023-10-16,C23555,Desk,4,408.36,156 Main St,Gift Card,Cancelled,TRK67210247,4,FREESHIP,Referral,1633.44,October,2023
ORD201126,2024-07-22,C34337,Phone,5,190.11,325 Main St,Cash,Delivered,TRK36195559,7,SAVE10,Google,950.55,July,2024
ORD201127,2025-03-15,C69396,Printer,3,602.75,920 Main St,Credit Card,Shipped,TRK33155049,6,SAVE10,Email,1808.25,March,2025
ORD201128,2023-08-17,C49198,Monitor,3,646.79,447 Main St,Cash,Cancelled,TRK10883354,5,WINTER15,Google,1940.37,August,2023
ORD201129,2023-06-11,C43911,Chair,4,418.71,239 Main St,Cash,Pending,TRK37495481,8,FREESHIP,Instagram,1674.84,June,2023
ORD201130,2025-02-16,C24347,Laptop,2,323.45,533 Main St,Credit Card,Returned,TRK27233265,5,FREESHIP,Instagram,646.9,February,2025
ORD201131,2024-07-18,C21043,Phone,1,694.5,195 Main St,Credit Card,Pending,TRK41691086,3,WINTER15,Facebook,694.5,July,2024
ORD201132,2024-12-02,C58858,Chair,2,337.32,948 Main St,Credit Card,Cancelled,TRK30406357,4,SAVE10,Email,674.64,December,2024
ORD201133,2024-04-09,C20670,Printer,2,467.91,432 Main St,Gift Card,Returned,TRK76731303,5,WINTER15,Facebook,935.82,April,2024
ORD201134,2024-06-08,C90993,Desk,4,38.28,950 Main St,Debit Card,Cancelled,TRK53964711,4,WINTER15,Facebook,153.12,June,2024
ORD201135,2023-12-28,C11473,Printer,2,73.41,562 Main St,Online,Shipped,TRK97793275,2,SAVE10,Google,146.82,December,2023
ORD201136,2023-09-24,C71899,Tablet,3,668.33,799 Main St,Gift Card,Pending,TRK34856025,4,WINTER15,Facebook,2004.99,September,2023
ORD201137,2024-07-29,C48577,Printer,4,410.21,841 Main St,Cash,Pending,TRK59911645,5,WINTER15,Instagram,1640.84,July,2024
ORD201139,2025-03-01,C70659,Chair,3,501.82,568 Main St,Gift Card,Cancelled,TRK28290825,4,FREESHIP,Email,1505.46,March,2025
ORD201145,2025-05-12,C28152,Desk,3,571.53,821 Main St,Debit Card,Delivered,TRK59642814,6,FREESHIP,Facebook,1714.59,May,2025
ORD201146,2024-10-03,C36383,Monitor,5,421.44,286 Main St,Cash,Pending,TRK93336357,5,SAVE10,Instagram,2107.2,October,2024
ORD201147,2025-01-02,C19759,Chair,2,588.3,234 Main St,Online,Pending,TRK22515454,2,FREESHIP,Email,1176.6,January,2025
ORD201148,2024-06-25,C54886,Phone,1,355.15,442 Main St,Cash,Returned,TRK66241930,2,SAVE10,Email,355.15,June,2024
ORD201149,2024-07-25,C27305,Chair,2,695.29,957 Main St,Credit Card,Pending,TRK28789916,6,FREESHIP,Instagram,1390.58,July,2024
ORD201150,2023-02-20,C17921,Desk,4,302.65,119 Main St,Credit Card,Cancelled,TRK79291524,8,SAVE10,Referral,1210.6,February,2023
ORD201154,2025-06-11,C53631,Monitor,3,198.63,593 Main St,Cash,Pending,TRK67589167,8,SAVE10,Instagram,595.89,June,2025
ORD201155,2023-08-13,C41478,Printer,4,534.57,667 Main St,Credit Card,Delivered,TRK62068126,6,FREESHIP,Facebook,2138.28,August,2023
ORD201157,2024-05-29,C25841,Monitor,3,301.55,242 Main St,Debit Card,Delivered,TRK21451375,5,FREESHIP,Google,904.65,May,2024
ORD201158,2023-04-20,C82781,Monitor,4,27.42,661 Main St,Debit Card,Pending,TRK20605418,4,SAVE10,Referral,109.68,April,2023
ORD201160,2024-09-04,C40466,Desk,1,541.64,449 Main St,Debit Card,Shipped,TRK70255168,5,SAVE10,Email,541.64,September,2024
ORD201161,2023-10-16,C32570,Phone,1,11.39,826 Main St,Cash,Cancelled,TRK35969968,6,WINTER15,Email,11.39,October,2023
ORD201162,2025-03-11,C29405,Phone,2,224.37,251 Main St,Debit Card,Delivered,TRK33125798,3,WINTER15,Referral,448.74,March,2025
ORD201163,2024-06-11,C30643,Laptop,3,306.29,966 Main St,Credit Card,Returned,TRK19477485,7,WINTER15,Instagram,918.87,June,2024
ORD201164,2024-01-08,C65890,Tablet,5,315.57,340 Main St,Debit Card,Delivered,TRK64530489,6,WINTER15,Email,1577.85,January,2024
ORD201166,2023-07-31,C95568,Chair,3,324.47,971 Main St,Cash,Delivered,TRK37075292,4,WINTER15,Email,973.41,July,2023
ORD201167,2023-10-17,C17966,Printer,2,92.87,360 Main St,Credit Card,Pending,TRK31169396,5,FREESHIP,Facebook,185.74,October,2023
ORD201168,2023-04-08,C89559,Laptop,2,331.42,297 Main St,Credit Card,Delivered,TRK82838108,6,WINTER15,Google,662.84,April,2023
ORD201169,2024-12-23,C15849,Chair,1,525.43,643 Main St,Cash,Cancelled,TRK26794546,2,SAVE10,Instagram,525.43,December,2024
ORD201170,2023-08-03,C94257,Printer,2,697.19,762 Main St,Cash,Returned,TRK40220743,7,FREESHIP,Email,1394.38,August,2023
ORD201171,2023-08-28,C39911,Phone,4,518.4,699 Main St,Credit Card,Delivered,TRK80431998,7,SAVE10,Facebook,2073.6,August,2023
ORD201173,2024-10-04,C82921,Monitor,1,208.36,703 Main St,Online,Shipped,TRK31079911,4,FREESHIP,Email,208.36,October,2024
ORD201174,2023-11-27,C50159,Printer,3,222.34,105 Main St,Credit Card,Returned,TRK53737452,5,WINTER15,Email,667.02,November,2023
ORD201175,2024-09-10,C62512,Printer,3,91.74,368 Main St,Debit Card,Returned,TRK24139954,8,FREESHIP,Referral,275.22,September,2024
ORD201176,2023-08-13,C39260,Tablet,2,213.83,374 Main St,Debit Card,Cancelled,TRK55587314,2,WINTER15,Email,427.66,August,2023
ORD201177,2023-04-27,C23917,Printer,1,127.55,433 Main St,Cash,Shipped,TRK44434536,3,SAVE10,Referral,127.55,April,2023
ORD201178,2024-09-08,C65107,Monitor,1,70.24,456 Main St,Credit Card,Cancelled,TRK10261578,4,FREESHIP,Google,70.24,September,2024
ORD201179,2023-01-08,C84630,Laptop,5,518.55,907 Main St,Credit Card,Cancelled,TRK48054997,6,WINTER15,Instagram,2592.75,January,2023
ORD201180,2023-10-31,C42235,Chair,4,298.36,722 Main St,Debit Card,Pending,TRK49379882,8,FREESHIP,Google,1193.44,October,2023
ORD201181,2023-07-27,C70246,Desk,3,158.74,293 Main St,Online,Pending,TRK45708320,7,FREESHIP,Instagram,476.22,July,2023
ORD201182,2025-06-14,C18473,Chair,2,420.29,700 Main St,Gift Card,Returned,TRK97834202,3,SAVE10,Google,840.58,June,2025
ORD201183,2023-04-05,C12607,Desk,1,281.52,460 Main St,Gift Card,Shipped,TRK83653396,6,WINTER15,Referral,281.52,April,2023
ORD201185,2024-07-08,C77344,Chair,1,343.31,777 Main St,Gift Card,Returned,TRK20605055,6,SAVE10,Google,343.31,July,2024
ORD201186,2023-11-18,C65497,Monitor,1,163.32,676 Main St,Cash,Shipped,TRK83702761,6,WINTER15,Facebook,163.32,November,2023
ORD201187,2024-03-13,C26340,Desk,2,184.6,562 Main St,Gift Card,Delivered,TRK59962703,7,WINTER15,Email,369.2,March,2024
ORD201188,2023-10-07,C75619,Printer,2,371.29,924 Main St,Gift Card,Shipped,TRK23086941,5,WINTER15,Facebook,742.58,October,2023
ORD201190,2025-06-08,C46886,Desk,3,616.39,754 Main St,Credit Card,Shipped,TRK82791646,6,FREESHIP,Instagram,1849.17,June,2025
ORD201191,2025-02-10,C44148,Desk,4,376.43,809 Main St,Gift Card,Pending,TRK67872709,5,WINTER15,Instagram,1505.72,February,2025
ORD201193,2025-06-16,C45104,Tablet,1,687.89,348 Main St,Cash,Returned,TRK38559816,1,FREESHIP,Email,687.89,June,2025
ORD201194,2023-11-19,C29885,Printer,3,189.44,725 Main St,Cash,Pending,TRK62067865,4,FREESHIP,Email,568.32,November,2023
ORD201195,2024-06-20,C21126,Desk,1,107.04,392 Main St,Credit Card,Cancelled,TRK38009181,6,FREESHIP,Google,107.04,June,2024
ORD201197,2023-07-13,C79674,Tablet,2,436.84,275 Main St,Online,Delivered,TRK88039356,2,FREESHIP,Instagram,873.68,July,2023
ORD201198,2024-08-22,C64753,Chair,4,262.52,509 Main St,Debit Card,Cancelled,TRK71683331,4,WINTER15,Instagram,1050.08,August,2024
ORD201199,2023-06-11,C57502,Tablet,4,560.58,201 Main St,Gift Card,Returned,TRK51116746,6,SAVE10,Referral,2242.32,June,2023
